	id	Ranked topics
0	Abbes_Voyage	[(0.162215490908503, 20), (0.0641198985536369, 1), (0.0573305306784023, 4), (0.0571107221485111, 6), (0.0469357407627485, 13), (0.0442406132421588, 10), (0.0433149516336549, 32), (0.0428550745629221, 28), (0.0411867829679844, 23), (0.0376262274406899, 5)]
1	AndreSerieys_Comte	[(0.096773504925299, 0), (0.0597867539942143, 6), (0.0564835417279626, 18), (0.0510461002004577, 16), (0.0406853932689983, 37), (0.0375539926834803, 32), (0.0367740777358539, 38), (0.0366857421302836, 27), (0.0364531470720555, 12), (0.0364470096271701, 28)]
2	Anonym_Enfant	[(0.0851536185057717, 16), (0.082756923279482, 30), (0.0683479270004173, 11), (0.0640616464472859, 38), (0.0559667682882326, 5), (0.0498253571676253, 33), (0.0487371525898073, 15), (0.0438183224548035, 6), (0.0393251058607552, 22), (0.034451577437603, 10)]
3	Anonym_Histoire	[(0.1389531842497501, 31), (0.0710677987264389, 18), (0.0609967665590488, 0), (0.0435031536145047, 6), (0.0425684129545279, 4), (0.0404002833575613, 24), (0.0389725230982176, 23), (0.0355187762224343, 17), (0.0353678605356305, 32), (0.034422806121413, 36)]
4	Anonym_Suzon	[(0.0713681895792234, 6), (0.0654946445723179, 18), (0.0508631524128619, 16), (0.0471652044480269, 30), (0.0436912812461872, 24), (0.0421037482830925, 36), (0.0419466644352562, 12), (0.0408099739141361, 23), (0.0384052798204058, 15), (0.0352888391959125, 10)]
5	Anonyme_Venus	[(0.0954909215866587, 22), (0.0781818710857454, 16), (0.0700644934317804, 30), (0.0611123681201401, 10), (0.0536367730760877, 15), (0.0506920455311051, 23), (0.0442458879710339, 5), (0.0422061202098278, 36), (0.0389088959965584, 38), (0.0380155662373581, 11)]
6	Anonyme_Zoloe	[(0.1173907638718467, 22), (0.0670442140445859, 5), (0.0496627607692601, 23), (0.044925102026864, 11), (0.0419732847226458, 21), (0.0414666488741937, 20), (0.0401105074215705, 15), (0.0381072794135556, 33), (0.0356210973306318, 1), (0.030750630620663, 13)]
7	Arnaud_Adelson	[(0.1653272024006556, 29), (0.1036699738264364, 7), (0.075142890287532, 35), (0.0736848200912636, 15), (0.0719783370920452, 21), (0.0606535551577118, 11), (0.0488870103903875, 1), (0.0441496137313001, 13), (0.0332986603489864, 38), (0.0328537460076281, 26)]
8	Arnaud_Anne	[(0.2191506220263252, 29), (0.1002354216081368, 17), (0.084185583677941, 35), (0.0710540797361389, 11), (0.0649117920263184, 3), (0.0609539515551383, 7), (0.0533846145540499, 15), (0.0419638715155709, 21), (0.0291035233343008, 18), (0.0274112408300176, 6)]
9	Arnaud_Bal	[(0.1626758124207238, 15), (0.1039665065777619, 35), (0.0855670692079368, 23), (0.0621522283597225, 29), (0.0559314994508305, 13), (0.0511773906193461, 11), (0.0433527694278667, 10), (0.0402747502045981, 16), (0.0293812863381508, 18), (0.0282852745297238, 1)]
10	Arnaud_Batilde	[(0.1728306306508402, 35), (0.1661642453562032, 29), (0.0760911528676243, 15), (0.0689782945495365, 39), (0.0651526020287161, 11), (0.052022580191764, 17), (0.0468721075251866, 1), (0.0421231818734734, 18), (0.039225680811444, 13), (0.0361579459825006, 32)]
11	Arnaud_Clary	[(0.1543206174498761, 29), (0.1096210552327347, 35), (0.0631320843325927, 15), (0.0587321901449407, 11), (0.0583784372527206, 21), (0.0570268942085118, 17), (0.0442262553463686, 7), (0.0426448795336996, 13), (0.0369352365444096, 3), (0.033776441358966, 1)]
12	Arnaud_Epoux	[(0.2045221986636879, 29), (0.1235881361365678, 35), (0.0772534182977376, 17), (0.0756625536541364, 15), (0.0472202846601418, 13), (0.0442203189727408, 1), (0.0389001921557248, 18), (0.038342221354222, 11), (0.0318093254481599, 3), (0.029977922102273, 36)]
13	Arnaud_Fanny	[(0.1263476716487529, 29), (0.0990618266119168, 7), (0.094776910158239, 35), (0.076457220784825, 21), (0.0719056591776196, 11), (0.0510493494811365, 15), (0.042703508498398, 17), (0.0421329300656394, 3), (0.0401324982246473, 23), (0.040082641828747, 9)]
14	Arnaud_Julie	[(0.1652851917103754, 29), (0.0990924738375401, 23), (0.0972902696142093, 35), (0.055457214924386, 17), (0.0494673573322213, 11), (0.0459056555589171, 1), (0.0440907371388386, 15), (0.0411500500568649, 18), (0.0392258807284035, 21), (0.0376845118587439, 9)]
15	Arnaud_Matinees	[(0.1776737478937607, 7), (0.1011525394868985, 29), (0.0919317597701342, 35), (0.059988602832742, 15), (0.0575605368043645, 18), (0.0549357344332917, 17), (0.0462022633768467, 36), (0.039463136572856, 13), (0.0393205188512335, 1), (0.0392050198969482, 11)]
16	Arnaud_Nancy	[(0.1459483919183359, 29), (0.088964020397612, 35), (0.0776277748995109, 23), (0.0727610199701589, 11), (0.0689527858003856, 18), (0.045420394102595, 3), (0.0449683956628091, 21), (0.0345272525658004, 1), (0.0336454370839763, 15), (0.0328389517389168, 26)]
17	Arnaud_Sargines	[(0.0924961032248658, 2), (0.0840683935505311, 39), (0.0795974091001226, 15), (0.0750638108715823, 35), (0.0584464695413406, 3), (0.0579764989301759, 18), (0.0553484896051767, 29), (0.0486971709960672, 11), (0.0463458888771939, 1), (0.0384234087627294, 24)]
18	Arnaud_Selicourt	[(0.2124228545930178, 35), (0.1345899489416769, 29), (0.0671517059910909, 25), (0.0661010575289221, 13), (0.0597304367636188, 1), (0.0597113840509684, 15), (0.0490299729257842, 11), (0.0367163289528471, 18), (0.030663543940643, 26), (0.0269136181528718, 36)]
19	Arnaud_Sidney	[(0.1633041159316476, 29), (0.1237352894318755, 17), (0.0843476141589818, 15), (0.0636855484000507, 35), (0.0562032002125489, 3), (0.0513139247905378, 11), (0.0396468223447512, 23), (0.0344706722115313, 1), (0.030692795601237, 13), (0.0292385017991261, 21)]
20	Arnaud_Zenothemis	[(0.1964826681145061, 29), (0.1182921430488531, 35), (0.0795516734272796, 32), (0.0614754194740574, 21), (0.0581076809472582, 15), (0.0438487364185298, 11), (0.0436138468162, 17), (0.037396357300425, 18), (0.0314757864869787, 13), (0.0311265706887372, 23)]
21	BarbeMarbois_Parisienne	[(0.1132544550902662, 23), (0.0710765275004407, 10), (0.0657763218670722, 15), (0.0565195745162555, 1), (0.0551651330038146, 5), (0.0535293995471671, 6), (0.0476621755024458, 35), (0.0465995500484457, 28), (0.040573718003416, 25), (0.0396225971015445, 18)]
22	Barthe_Femme	[(0.1003632427460032, 23), (0.0780182892078228, 10), (0.0739756350315932, 15), (0.0676021857220644, 35), (0.0562606733757737, 20), (0.0463944906965291, 25), (0.038776659652063, 11), (0.0368273598063451, 5), (0.0363477225236702, 13), (0.0317412152650609, 6)]
23	Bastide_Maison	[(0.1307807102864722, 5), (0.1168472736651481, 33), (0.0961190539601293, 13), (0.0757080314939906, 35), (0.0476813280237428, 11), (0.0465535231754015, 1), (0.0444435050837252, 8), (0.0405234843346608, 36), (0.0396962174246147, 23), (0.0328978823762983, 6)]
24	Beauharnais_Lettres	[(0.1971266037879485, 35), (0.176633660836694, 29), (0.0804832318775862, 26), (0.0508752780863375, 34), (0.0449404690657265, 36), (0.0425863483104011, 15), (0.0406397231038206, 18), (0.0374173823922796, 1), (0.0341871054927496, 6), (0.0287627655580365, 13)]
25	Beaumont_Belle	[(0.1316933292207744, 9), (0.1079180610703438, 16), (0.0771182015405025, 29), (0.0754518638005112, 10), (0.0691020276679114, 12), (0.062441545713038, 6), (0.0392717642270535, 13), (0.0343395923928872, 39), (0.0323087862294183, 34), (0.0312010628925249, 35)]
26	Beaumont_Clarice	[(0.0677504479044864, 18), (0.0593373974027298, 37), (0.0545166529906576, 7), (0.05188142708076, 17), (0.0499359111585318, 9), (0.048354807863734, 36), (0.0465163325200471, 28), (0.0441147621980555, 38), (0.0435734795319499, 24), (0.0378111172205772, 10)]
27	Beaumont_Prince	[(0.1074630182972085, 39), (0.0960743242699379, 21), (0.0717860836102749, 6), (0.066207290297211, 12), (0.0596730438204382, 11), (0.0534336063820847, 10), (0.0489121233777588, 15), (0.0424802630064503, 35), (0.0368292635100607, 17), (0.0351928375010093, 9)]
28	Beckford_Vathek	[(0.112833790326851, 27), (0.1058598359233714, 39), (0.0979417268835786, 33), (0.069890780242044, 11), (0.0686935688904569, 12), (0.05731960666057, 5), (0.047597165016656, 10), (0.0417806427594589, 6), (0.031165546468141, 29), (0.0297726140535529, 13)]
29	Bellin_Nuit	[(0.3099082355797058, 33), (0.0626708970228955, 10), (0.0585546501584833, 13), (0.0577908286573784, 11), (0.0568721834854367, 20), (0.03347659888988, 6), (0.0306979770965271, 1), (0.0299335818025363, 16), (0.0293880397122187, 5), (0.0290983278150827, 27)]
30	Benoist_Elisabeth	[(0.1186557725356214, 35), (0.0930709493459169, 18), (0.0788612345707157, 34), (0.0641296407963155, 36), (0.0600827061856204, 15), (0.0594861143053991, 29), (0.0417075781348334, 1), (0.0403985278274373, 17), (0.0369196579119735, 19), (0.0368981424308758, 25)]
31	Bernardin_Chaumiere	[(0.145845495861702, 27), (0.1133738626341736, 0), (0.1022533433120702, 31), (0.0480907281921197, 13), (0.0465029930690816, 12), (0.0410897710382574, 38), (0.0409070110962193, 20), (0.0371922412765471, 33), (0.026312934945887, 11), (0.0261802288777831, 16)]
32	Bernardin_Paul	[(0.1852705326715406, 27), (0.0589355519347512, 20), (0.0489454287603473, 28), (0.0464185213221729, 17), (0.0402528152208589, 6), (0.0331445970104081, 9), (0.0323254735935363, 32), (0.0321970846204537, 4), (0.0303749567641552, 0), (0.030365306578814, 24)]
33	Berquin_Enfants	[(0.1469412602307009, 10), (0.1250249690961943, 9), (0.1137850698711856, 12), (0.0595918334485615, 16), (0.0488799732175009, 6), (0.0486471999469746, 11), (0.046723718900456, 5), (0.0417959342960434, 28), (0.0337519518387064, 33), (0.0310285803595294, 27)]
34	Blanchard_Philetas	[(0.1809291793849669, 5), (0.0912463004844546, 15), (0.0678078832087378, 6), (0.0676042452168093, 27), (0.0642275977332517, 3), (0.0623332594091575, 29), (0.0570722855212187, 11), (0.051460497473974, 35), (0.0416041487118674, 13), (0.0380838016097527, 28)]
35	Boismortier_Histoire	[(0.3510258724491867, 22), (0.0714292666210329, 35), (0.0555140706086551, 13), (0.0437509049175098, 6), (0.0394434590592145, 34), (0.0386941723936316, 15), (0.0339412748229876, 9), (0.0317468608380558, 11), (0.0300760792468086, 10), (0.0208133605712857, 27)]
36	Boufflers_Reine	[(0.0779028500435917, 15), (0.0731014438588217, 28), (0.0721170629706574, 6), (0.0541807456239509, 9), (0.0483928356953353, 38), (0.0456571177958806, 39), (0.0427157509662419, 16), (0.0400162231089239, 20), (0.0335941909576362, 37), (0.0324572672354856, 23)]
37	Brument_Henriette	[(0.0776793565340115, 6), (0.0751721015147885, 38), (0.0748515146698103, 29), (0.070324331128032, 21), (0.054679817993639, 16), (0.0508894128029677, 13), (0.0479191080897593, 15), (0.0471328132860938, 11), (0.0467355408942498, 35), (0.0410587156397498, 18)]
38	CastilhonJL_Zingha	[(0.1986319396258774, 32), (0.1203788620628514, 21), (0.0692160394803708, 2), (0.0653400907450798, 36), (0.0650254892377316, 18), (0.0509955377936856, 29), (0.0418628770321162, 27), (0.037838047214697, 1), (0.0292862189143416, 6), (0.0244345252467029, 35)]
39	CastilhonJ_Robert	[(0.1511354250201762, 2), (0.0503887183985277, 21), (0.0481336955130246, 6), (0.0461598521661517, 18), (0.0432140919973271, 36), (0.0427212515012653, 38), (0.0371297704962095, 13), (0.0358911328346587, 35), (0.0345599580082543, 27), (0.0316233448815251, 11)]
40	Cazotte_Diable	[(0.0744490152558115, 38), (0.0729354005543842, 1), (0.0617624914355369, 11), (0.056825961486416, 33), (0.0530975119339975, 36), (0.0490997280984092, 16), (0.043879299712229, 35), (0.0429278208186866, 5), (0.0424985787908126, 18), (0.0422553833605658, 23)]
41	Cazotte_Honneur	[(0.075721492007934, 2), (0.0732933401668467, 18), (0.0630770830970227, 1), (0.0584891298773928, 36), (0.0557307320865125, 11), (0.0555570564117924, 23), (0.05200503091776, 17), (0.0388632759539604, 13), (0.0368358456219014, 0), (0.0326411714927927, 35)]
42	Cazotte_Ollivier	[(0.0812723794662128, 2), (0.0618613519266365, 27), (0.0553043196578596, 18), (0.0536804677454769, 11), (0.0535951545699457, 38), (0.0483298115172983, 5), (0.0459600783459517, 10), (0.0452641277797262, 1), (0.0385018741514508, 33), (0.0301100825908376, 22)]
43	Charriere_Caliste	[(0.0858347810080907, 6), (0.0686297656303291, 16), (0.054605185357927, 19), (0.0538060015339023, 13), (0.0521526959525531, 10), (0.0496478180627329, 34), (0.0472401066459961, 9), (0.0445237919191241, 7), (0.044152212734598, 35), (0.0372325987320872, 23)]
44	Charriere_Femmes	[(0.0877037220513959, 10), (0.0586581197494774, 13), (0.0542488139125336, 24), (0.0459839495809235, 9), (0.0459137358679651, 16), (0.0443261439737065, 23), (0.0438962746001392, 6), (0.0363972586101514, 19), (0.0361394225388514, 35), (0.0351095407079747, 11)]
45	Charriere_Lausanne	[(0.1433564022491178, 10), (0.1101820136835338, 9), (0.0662443717798156, 23), (0.0563535640996201, 13), (0.0526172392402074, 24), (0.0474482127789327, 16), (0.0445528721109723, 34), (0.0351941993997744, 19), (0.0349985774998562, 35), (0.0319889639597424, 11)]
46	Charriere_Neuchateloises	[(0.2323807737299044, 10), (0.0768310634630268, 34), (0.0613851539368506, 9), (0.0600989775250461, 13), (0.0552943219327694, 16), (0.0474494457186125, 6), (0.0346305056366461, 19), (0.0342271043107338, 24), (0.0335160648819148, 12), (0.0304516526554259, 28)]
47	Charriere_Noble	[(0.0980126662900874, 13), (0.0754670211722846, 3), (0.0646983017570314, 10), (0.0645583937998421, 35), (0.0635579549974787, 16), (0.0491143415824642, 11), (0.0480128504066597, 20), (0.0458120622971134, 18), (0.0338816641609558, 15), (0.0338080357383777, 9)]
48	Charriere_Observations	[(0.0815840611765587, 32), (0.0659579209189511, 6), (0.0580000544820821, 9), (0.0546866978652912, 37), (0.0524758890238581, 18), (0.0520064292397219, 24), (0.0506348460270066, 3), (0.0480968410024647, 36), (0.0463298693229379, 28), (0.0404399208030809, 39)]
49	Charriere_Ruines	[(0.0927051007384122, 9), (0.079656422520791, 10), (0.0779171708227991, 7), (0.0646827456110591, 6), (0.041556874745877, 35), (0.0403615698245084, 34), (0.0393884938615304, 37), (0.0385499001510086, 28), (0.0330006468329359, 3), (0.0329433223532804, 24)]
50	Charriere_Sainte	[(0.1320941725632875, 9), (0.0859307172651723, 10), (0.0678391341517116, 13), (0.0556937502670371, 34), (0.0475349550797681, 19), (0.0423285436593637, 6), (0.0381869563219057, 20), (0.0375814285015068, 16), (0.0373451449703608, 18), (0.0352660542724252, 24)]
51	Chaussard_Diable	[(0.1185139097675459, 20), (0.0755966691109522, 4), (0.0737360919925527, 27), (0.0627358718545895, 32), (0.0506268523481914, 5), (0.0459991179404986, 33), (0.0410836462166617, 11), (0.0366221839694061, 29), (0.0357263763913355, 1), (0.0341492256485617, 37)]
52	Chevrier_Colporteur	[(0.1222073972961572, 20), (0.104793638181952, 37), (0.0757449842752048, 23), (0.0545624729073255, 13), (0.0493618713594341, 25), (0.0369944470479398, 32), (0.0361865811007711, 10), (0.0332769555712078, 22), (0.0310551687515644, 36), (0.0299015696043209, 16)]
53	Chevrier_Magakou	[(0.1169851372495913, 39), (0.1049866193760392, 23), (0.0849764797950352, 20), (0.049148640859468, 10), (0.0413460640354072, 11), (0.0407357488684642, 15), (0.0365256549869508, 18), (0.0362411079359386, 16), (0.0359815496561296, 13), (0.0343689999860599, 6)]
54	Colombe_Plaisirs	[(0.1326105743914722, 18), (0.0861509334472059, 23), (0.0725766653941829, 15), (0.0666049744859927, 6), (0.0605253052875247, 20), (0.0488386421355074, 35), (0.0418834781917653, 10), (0.0406763733594557, 36), (0.0392009769490561, 38), (0.0336937458709496, 8)]
55	Constant_Laure	[(0.3316439382327631, 19), (0.0486475685736209, 34), (0.0374793438690862, 10), (0.036584367102366, 13), (0.0357773827337697, 1), (0.0356886320550532, 23), (0.0354892652547833, 6), (0.0340544137558989, 16), (0.0327052718794569, 35), (0.0299170885245708, 17)]
56	Constant_Mari	[(0.2483610965683954, 19), (0.0570957414429404, 28), (0.0437337597851546, 23), (0.0427133389289381, 35), (0.0419410273097357, 34), (0.0383383193986719, 38), (0.037550324460574, 6), (0.0343740320257811, 37), (0.0337787010321558, 32), (0.0327688846610891, 16)]
57	Cottin_Claire	[(0.1057982019991499, 29), (0.104458271674919, 35), (0.1025230650774326, 13), (0.072607442866382, 11), (0.0607084643180555, 15), (0.0594034513964427, 1), (0.048653118531312, 34), (0.0329388910882897, 24), (0.0302055347748179, 26), (0.0293323881584376, 36)]
58	Crebillon_Atheniennes	[(0.4442811833723945, 8), (0.0828328109645496, 35), (0.0407681043059078, 36), (0.0325000943682935, 6), (0.0306163446617555, 1), (0.0286770676808026, 32), (0.0284996219567016, 18), (0.0278698444897603, 23), (0.0262199799078065, 34), (0.0254789561800559, 15)]
59	Crebillon_Conte	[(0.2201758355682027, 8), (0.1280494396141316, 39), (0.0880836123011089, 10), (0.0593833242544847, 13), (0.0496459726801554, 35), (0.0451920736943947, 1), (0.0436209299674437, 6), (0.0360205578313047, 15), (0.033338863442425, 36), (0.0304681313717242, 18)]
60	Crebillon_Nuit	[(0.3531750805595481, 8), (0.1105392304446751, 10), (0.0725973746857513, 35), (0.0555348243512432, 13), (0.0392870108417905, 23), (0.0370667422516012, 6), (0.0310011195403597, 36), (0.0284278721573914, 18), (0.0279669992946397, 16), (0.0275954229168515, 15)]
61	DamiensGomicourt_Dorval	[(0.0983188185956963, 23), (0.0979705715130769, 35), (0.0910783235290142, 18), (0.0686909723480326, 1), (0.0523664151011536, 17), (0.0465498925138968, 15), (0.041794560976722, 21), (0.0409455684399061, 36), (0.0377900402602333, 29), (0.0369618452652774, 11)]
62	Denon_Point	[(0.1251452261458649, 10), (0.0817208300433207, 15), (0.0671471969882034, 16), (0.0613977599781732, 18), (0.0583170586373159, 1), (0.0478875740230097, 13), (0.044832096462733, 33), (0.0447062230584801, 5), (0.0438772759818216, 11), (0.0430331895297012, 38)]
63	Diderot_Jacques	[(0.1525449329011372, 12), (0.1045183513056826, 10), (0.1018684640693843, 38), (0.0527768492294826, 13), (0.0474647678687464, 11), (0.0474233038617977, 16), (0.0426149802681857, 37), (0.0263668763550416, 6), (0.0259280384594233, 36), (0.0250465033198065, 23)]
64	Diderot_Neveu	[(0.1562061060057291, 10), (0.1147063956384534, 12), (0.0789346784140016, 20), (0.0555837624624417, 24), (0.0494825312062201, 11), (0.0445193273269092, 23), (0.0318681811204522, 5), (0.0318501446656936, 13), (0.029660169670788, 37), (0.0285525570549345, 6)]
65	Diderot_Oiseau	[(0.1494401819272614, 39), (0.1380535320994516, 10), (0.0591431607978927, 23), (0.0569316267326473, 13), (0.0457854327795141, 16), (0.0429145828731677, 6), (0.0388925366743066, 36), (0.0387546955245914, 5), (0.0318563746398799, 11), (0.0301910943912506, 24)]
66	Diderot_Pensees	[(0.3009704834555663, 31), (0.0846565384749084, 4), (0.0576007495764328, 18), (0.0554030719739557, 13), (0.0435055795112284, 10), (0.03479469075643, 8), (0.033462197739993, 36), (0.0327053698369299, 32), (0.0299383576532667, 20), (0.0284393159784111, 14)]
67	Diderot_Religieuse	[(0.1219874014207447, 11), (0.1150737994474288, 14), (0.0678238215588483, 16), (0.0652897695415849, 13), (0.0535859831420889, 10), (0.0497898847602821, 6), (0.0489633909988086, 36), (0.0376307588151504, 1), (0.0366248158132569, 9), (0.0332167482140574, 33)]
68	Diderot_Supplement	[(0.126476947239657, 4), (0.0761867566701716, 24), (0.0741205151471436, 9), (0.0577476262024587, 21), (0.0506971814196201, 32), (0.0402306897780507, 17), (0.039294787878093, 23), (0.0374267942720241, 36), (0.036245803227642, 10), (0.0356571612897376, 27)]
69	Doppet_Memoires	[(0.0662112600672585, 29), (0.0614177227614034, 17), (0.0599548144423308, 6), (0.0554047010370901, 28), (0.0513605618421025, 35), (0.0492023913339116, 18), (0.0412352276153817, 20), (0.0405842775460976, 37), (0.0393243447116363, 24), (0.0376821241827291, 15)]
70	Dorat_Malheurs	[(0.1861028680691086, 35), (0.1178573791668647, 29), (0.0697473493390167, 23), (0.0637820014695348, 34), (0.05997871273588, 15), (0.0568518473244792, 1), (0.0470734556252746, 10), (0.033097516142034, 25), (0.0293946628828187, 36), (0.0283292853195285, 26)]
71	Dorat_Sacrifices	[(0.1947113586151285, 35), (0.0939339304883982, 29), (0.0734319035153893, 15), (0.0684569276985223, 34), (0.0555137866721212, 1), (0.044213794088732, 23), (0.0433300033644263, 10), (0.0388059368503391, 26), (0.0342812099888525, 36), (0.0316350093168998, 21)]
72	Dorvigny_Tante	[(0.1109363674094701, 16), (0.1012312657360566, 12), (0.0744031954695885, 38), (0.0724550835504738, 10), (0.0524994419292893, 6), (0.0491292308208046, 18), (0.037362468675554, 37), (0.0360904765334573, 9), (0.0357188622207079, 36), (0.0338052797788072, 11)]
73	Duclos_Memoires	[(0.1661618288155548, 23), (0.1486286043313822, 35), (0.100391556753677, 18), (0.0844724766798337, 8), (0.0520167651534045, 6), (0.0445960085542875, 13), (0.0443136720859501, 24), (0.043250933341803, 36), (0.0396801234731765, 1), (0.0360099482039404, 10)]
74	Ducray_Cinquante	[(0.1637522787314164, 26), (0.090390889833256, 3), (0.0719026227457354, 9), (0.0557720335869357, 13), (0.0406018700216412, 23), (0.0400096027940997, 10), (0.0381722233182568, 35), (0.0378552585356081, 19), (0.0351029145240487, 16), (0.03376314480949, 6)]
75	Ducray_Coelina	[(0.1528857906022049, 3), (0.1449899401535369, 26), (0.0477365422176678, 13), (0.0418655675103521, 27), (0.0410406591954011, 38), (0.040130541830248, 21), (0.0370896442393245, 29), (0.034056221037241, 33), (0.0323175863307273, 11), (0.0321646393689157, 16)]
76	Ducray_Soirees	[(0.1388325088365078, 3), (0.0961470330734032, 26), (0.0577745404055939, 38), (0.0464803152559906, 13), (0.0445695484399788, 16), (0.0440978842713751, 10), (0.0390976254817062, 9), (0.0335017661957495, 37), (0.0296461627322613, 21), (0.0291238591196977, 6)]
77	Ducray_Victor	[(0.1476972200729426, 26), (0.0855168361872046, 3), (0.062758841810932, 38), (0.0609800177278503, 29), (0.044398302061081, 33), (0.0419933891188117, 13), (0.0406451125459178, 21), (0.0393530968404658, 11), (0.0363453436226597, 1), (0.0321283019572111, 6)]
78	Dulaurens_Compere	[(0.1054280607364055, 31), (0.0866321348436604, 14), (0.0837696285664136, 4), (0.0764326257341282, 12), (0.0480262514673148, 6), (0.0389876736317574, 24), (0.0338353920964908, 20), (0.0327045622941367, 13), (0.0302959246162726, 21), (0.0278533567617849, 17)]
79	Dulaurens_Imirce	[(0.1767489950512401, 12), (0.051139105395851, 10), (0.0505243980278313, 20), (0.0501107533241905, 9), (0.0400341504923732, 15), (0.0399436065136437, 14), (0.0360265229271493, 4), (0.0360131359449671, 23), (0.0318847740222491, 13), (0.028713746860923, 38)]
80	Duvernet_Devotions	[(0.2212529185100719, 14), (0.0751175943522002, 13), (0.065723700633257, 10), (0.0590429964737765, 16), (0.0469704413024018, 9), (0.0442659986901693, 20), (0.0435211022359871, 12), (0.0379442315449777, 5), (0.0284638140931705, 23), (0.0273480891850657, 6)]
81	Duvernet_Guillaume	[(0.1579309426108086, 10), (0.120887961870384, 20), (0.0672392552332327, 13), (0.0550370755905809, 14), (0.0453465864688853, 31), (0.0423186372118822, 21), (0.0391807104955258, 32), (0.0340043925998684, 12), (0.0328020489899161, 37), (0.0254071587222406, 38)]
82	Duvernet_Retraite	[(0.155702937272204, 14), (0.0736849816813911, 16), (0.0613786215869388, 10), (0.0613523455909839, 1), (0.0479866679531666, 13), (0.0445935797776148, 9), (0.0429228875991412, 6), (0.0359880343235608, 5), (0.0319785970766063, 29), (0.0319657273591143, 12)]
83	Falconet_Debut	[(0.0774234489588872, 6), (0.0745485137401734, 15), (0.0720988497749363, 11), (0.0667866971445081, 23), (0.0662871388923108, 10), (0.0588104315175909, 16), (0.0500307017604559, 18), (0.0452452698395221, 13), (0.0409687073380816, 5), (0.0398494907904021, 35)]
84	Fievee_Dot	[(0.0735328434889975, 17), (0.068452103508569, 36), (0.0658387637920649, 23), (0.0460543811410283, 1), (0.0459387885029498, 35), (0.0455531072057522, 37), (0.0450971165894744, 19), (0.0424312267370965, 29), (0.042199390299325, 26), (0.04152014906796, 13)]
85	Florian_Estelle	[(0.1209528058640031, 5), (0.0927057170555048, 11), (0.0824071678495871, 29), (0.0721880075695324, 6), (0.0647654977718808, 27), (0.0622760359131691, 2), (0.0486886098150065, 15), (0.0474344270290763, 35), (0.0440537692604764, 26), (0.0427309304946732, 28)]
86	Florian_Galatee	[(0.1377806121403987, 5), (0.0792183666442152, 11), (0.0781978489967586, 29), (0.0588139029335348, 6), (0.0577782451332774, 15), (0.0506485057357477, 27), (0.0492035364890271, 38), (0.0491450508339869, 13), (0.0385505819210518, 9), (0.0380171826432675, 35)]
87	Florian_Numa	[(0.1986845992973446, 2), (0.0928358701305227, 11), (0.0824448805949765, 29), (0.0578209253278203, 27), (0.0525346261676852, 32), (0.0509423132764634, 15), (0.0411481480103795, 3), (0.0402742247970716, 35), (0.0389476784142936, 6), (0.0316817305585771, 13)]
88	Fourqueux_Zely	[(0.0834719541759752, 35), (0.0769485555516783, 13), (0.0645337473245021, 18), (0.0635910828882224, 23), (0.0590241328021956, 15), (0.0563699831252534, 6), (0.0550664579703023, 10), (0.0463809132679659, 26), (0.0444141373015773, 19), (0.0436781521853416, 1)]
89	Fyot_Memoires	[(0.1073892901715762, 18), (0.0984463483361554, 1), (0.0762785000129021, 9), (0.0644679607070005, 6), (0.0586453034505187, 10), (0.0449506900461191, 13), (0.0427881752618851, 35), (0.0395061650190744, 23), (0.039407891916618, 29), (0.0380456106357098, 16)]
90	Genlis_Adele	[(0.0730490852797786, 24), (0.0669424821376688, 23), (0.0620590358079124, 25), (0.0595685756765669, 34), (0.0504106898843362, 1), (0.0482588791871849, 35), (0.0438531821090205, 10), (0.0421193653272422, 19), (0.0400616439072797, 29), (0.0382590897290224, 16)]
91	Genlis_Chevaliers	[(0.0841166461573594, 11), (0.0802261390120092, 1), (0.0659573041639009, 25), (0.0609598855981601, 29), (0.0574718503448831, 2), (0.0558939844304908, 35), (0.0457996067378043, 13), (0.0431603958998514, 18), (0.040163847400451, 16), (0.0394313048257116, 26)]
92	Genlis_Emigres	[(0.130632528083643, 34), (0.0705959442074334, 9), (0.0605574725671683, 16), (0.052461676442513, 10), (0.0406575848050616, 24), (0.0367497297504536, 37), (0.0361963712268889, 11), (0.0351581413391801, 19), (0.0345878624268711, 25), (0.0342548735824941, 38)]
93	Genlis_Meres	[(0.1099245315735728, 25), (0.0862674172679699, 34), (0.0593089726750713, 35), (0.0516401837674814, 23), (0.0486823734791287, 1), (0.043712471819552, 16), (0.038337419374874, 9), (0.0357083019109676, 10), (0.0352975751331264, 11), (0.0333677076122419, 29)]
94	Gerard_Comte	[(0.2327677133169678, 31), (0.072038950376955, 24), (0.0691500985519504, 35), (0.0485746612079044, 1), (0.0469690364185093, 15), (0.0427473077025089, 17), (0.0425015248968606, 6), (0.0386822056309929, 4), (0.0361697871728295, 29), (0.032844801132671, 36)]
95	Gilbert_Familles	[(0.21270808512103, 29), (0.1227551703613743, 15), (0.0833951298460863, 11), (0.0472667278096587, 21), (0.0412497316211943, 1), (0.040276729684164, 35), (0.0363196795499133, 6), (0.0334129350767077, 2), (0.031572095531832, 27), (0.0270241274679233, 5)]
96	Gimat_Voyage	[(0.1122579228445791, 18), (0.0985475192507156, 10), (0.0956926597219467, 38), (0.0643126857464108, 12), (0.048895315194904, 37), (0.0458597651629174, 13), (0.0408943294274844, 9), (0.0387563251255854, 23), (0.0354158408552895, 36), (0.0309726606952908, 22)]
97	Gorjy_Voyage	[(0.093056753373938, 10), (0.0726023641321541, 5), (0.0601510890107861, 16), (0.0556259980825989, 12), (0.0507883541583159, 20), (0.0503084395403326, 23), (0.0491588015049933, 38), (0.0386852563739868, 11), (0.03832670387271, 36), (0.0370649440859714, 6)]
98	Grandin_Paulin	[(0.0947836873315009, 38), (0.0547364367383021, 26), (0.0521905742937538, 13), (0.0490486878014518, 18), (0.043815845379448, 16), (0.0415198873641606, 15), (0.0415169554965644, 11), (0.0393985040342035, 29), (0.0371790065635283, 3), (0.0369394328519083, 21)]
99	Jacquin_Parisiennes	[(0.1075589859427858, 18), (0.0928929125698158, 15), (0.087920956647309, 1), (0.0776652845094438, 23), (0.0719239983025176, 35), (0.0516463973247622, 6), (0.0425793840747724, 17), (0.041290404215092, 36), (0.0347832911835502, 10), (0.0326510792145625, 29)]
100	Laclos_Liaisons	[(0.130901049156268, 34), (0.0938117016889649, 36), (0.0802084764592018, 10), (0.0744630009558956, 35), (0.0503522965039016, 8), (0.0480405508671647, 6), (0.0477800623048152, 16), (0.0441100382046045, 18), (0.041282172981025, 23), (0.0387160332580873, 15)]
101	Lagrave_Sophie	[(0.0939054953592157, 34), (0.063528770816177, 9), (0.0631741802724646, 38), (0.0629240866152252, 11), (0.0611715384304269, 15), (0.0558060876837133, 35), (0.0470384248268557, 1), (0.0450175458278826, 10), (0.0435791830475763, 29), (0.039122998475431, 6)]
102	Lagrave_Zabeth	[(0.147905971078818, 9), (0.0704421511811353, 16), (0.0676168936098268, 11), (0.063693607996081, 10), (0.0495386532482286, 6), (0.0439432800079543, 29), (0.0388246108637416, 13), (0.0377550527178951, 38), (0.0354125901007576, 35), (0.0345298204653431, 26)]
103	Laveaux_Eusebe	[(0.1504525198120204, 12), (0.1032066764000476, 37), (0.0595448951377719, 21), (0.0500188154512079, 17), (0.0348511762949802, 38), (0.0338412219022813, 20), (0.0327790739586609, 14), (0.0310415423513736, 39), (0.0292134334064464, 10), (0.0288402626173118, 24)]
104	Leonard_Clementine	[(0.1525412767177726, 29), (0.113530611461385, 35), (0.075284489585515, 1), (0.0738390267895244, 11), (0.0670369579995179, 34), (0.0557930042307843, 15), (0.047930698857928, 26), (0.0459182611453817, 13), (0.0401556804959761, 10), (0.0304047725892464, 21)]
105	Leonard_Lettres	[(0.136561397861447, 29), (0.0737278370445089, 1), (0.065276737551631, 15), (0.0632826212148016, 35), (0.0550880950446173, 11), (0.0456804035906003, 28), (0.0436777260689643, 34), (0.0431091930084353, 17), (0.0382348613072887, 6), (0.0322619747955694, 27)]
106	Lesuire_Aventurier	[(0.0605288165636507, 13), (0.0595597122259157, 33), (0.0478896816168552, 18), (0.0472656035259904, 21), (0.0464458415885735, 15), (0.0446677736174598, 6), (0.0445689997552794, 11), (0.0407780567738966, 22), (0.039848731026191, 10), (0.0338864147369086, 16)]
107	Lesuire_Crime	[(0.0849118988946409, 21), (0.0651220065930157, 22), (0.0549357656667028, 9), (0.0521526648599672, 10), (0.0506873789160156, 38), (0.0468662835377871, 13), (0.0436692928233089, 18), (0.0392356448607745, 37), (0.0384080293915919, 33), (0.0379502962315848, 6)]
108	Linguet_Voyage	[(0.1411432535335985, 27), (0.1298163950594939, 10), (0.0685530845143132, 31), (0.0669203026411923, 6), (0.0537608244448175, 15), (0.0489670057307249, 20), (0.0457765975379477, 38), (0.0391252394726477, 4), (0.0376377512166629, 1), (0.03530574851653, 2)]
109	Loaisel_Ainsi	[(0.1165899862652683, 15), (0.0923534557808331, 1), (0.0498804971964111, 4), (0.0494870025879856, 23), (0.0485811415440957, 29), (0.0481663767696934, 35), (0.0446508127688388, 28), (0.0411488043357957, 10), (0.0387306829571058, 6), (0.0373160194563076, 27)]
110	Loaisel_Comtesse	[(0.1720164463124618, 29), (0.08554167757967, 15), (0.078590739787722, 27), (0.0695687159351876, 1), (0.0638369950672183, 11), (0.056102443104211, 35), (0.0451501976157331, 17), (0.0418533354247481, 6), (0.0382704647931715, 26), (0.0325495332754923, 21)]
111	Louvet_Annee	[(0.1000693963551169, 10), (0.0914898243776254, 16), (0.069270289845166, 25), (0.059658293243868, 13), (0.0517587056829242, 38), (0.0484514679716647, 11), (0.0414897194360643, 6), (0.0406297830194627, 9), (0.0329256993052301, 26), (0.0310941070730059, 29)]
112	Louvet_Fin	[(0.1041198755879546, 10), (0.0856099562185803, 16), (0.0693494421972879, 25), (0.0647716432309395, 13), (0.0509668685709631, 6), (0.0484241775620108, 26), (0.0461399767433794, 29), (0.044615963964655, 11), (0.0421919857737018, 38), (0.0346057758235092, 35)]
113	Luchet_Vicomte	[(0.0896059478751757, 23), (0.0639121608254166, 35), (0.0576431798374817, 18), (0.0495204714284183, 15), (0.0472778620688298, 25), (0.0426080482057779, 20), (0.0424370170458161, 36), (0.0419785133792873, 17), (0.0407748438395833, 1), (0.0322668081698247, 26)]
114	Maistre_Voyage	[(0.0865347895400648, 20), (0.0663167556366003, 4), (0.0650820789558238, 1), (0.0531954700544316, 10), (0.0530160542704014, 27), (0.0481347336021344, 6), (0.0434151831333988, 15), (0.0425764677302589, 33), (0.0420568378886841, 5), (0.0411816257117372, 11)]
115	Malarme_Rose	[(0.1204990051093464, 7), (0.0884056523497584, 34), (0.0699321780452159, 9), (0.0562125035721961, 18), (0.0490964520571047, 16), (0.047956050780078, 10), (0.042806407431678, 6), (0.0423486511481892, 26), (0.0369680463040304, 23), (0.0341937805945137, 35)]
116	Marchadier_Isle	[(0.1390267919332864, 15), (0.1224633157201006, 5), (0.087930921851497, 27), (0.0612440165077663, 23), (0.0604186774304525, 6), (0.0541199394112504, 11), (0.0463348709302316, 1), (0.0420968616743343, 10), (0.035881853259406, 13), (0.0345953627292882, 35)]
117	Marchand_Avis	[(0.1296346880985742, 23), (0.1069531134198822, 24), (0.0940198703142776, 18), (0.0513811069188717, 37), (0.0434358536400075, 17), (0.0432491306774685, 20), (0.0381585690728026, 10), (0.0359362338784491, 32), (0.0335210815847207, 36), (0.0325759854633449, 8)]
118	Marmontel_Belisaire	[(0.2290909185486856, 32), (0.0898755596365436, 17), (0.0679543431628064, 2), (0.060265587012601, 35), (0.0476326949195951, 13), (0.0450381073114346, 29), (0.0435281142605164, 24), (0.0378542270446134, 31), (0.0352603931521532, 36), (0.027464932091827, 21)]
119	Marmontel_Contes	[(0.1041659762844967, 35), (0.0918226551516435, 23), (0.0771895045582271, 10), (0.0546118606386818, 15), (0.0546101051660134, 13), (0.0544792365739035, 29), (0.0436599673177628, 5), (0.0387274947519303, 1), (0.0342898417965193, 11), (0.0334773550194879, 6)]
120	Marmontel_Dejeunes	[(0.0831527517559923, 17), (0.0654638298876156, 5), (0.0621012699780503, 14), (0.0615547698306876, 13), (0.0528586067069347, 11), (0.0504687765017492, 3), (0.0479809067541164, 1), (0.0433491375351726, 10), (0.0385084848184688, 35), (0.0376836438503628, 29)]
121	Marmontel_Incas	[(0.1942192888426536, 2), (0.0960291643535628, 29), (0.0886707292023105, 27), (0.0738624950471565, 32), (0.0620020892515535, 21), (0.0479621299396587, 11), (0.0431731168855664, 13), (0.0394541915764876, 35), (0.0332726652526142, 31), (0.032315287063395, 17)]
122	Maubert_Paisan	[(0.2732588597896094, 0), (0.0908075566334089, 18), (0.0538768876886647, 2), (0.0481624068325544, 32), (0.044156786311841, 37), (0.0421627970832195, 6), (0.0363995634220923, 36), (0.0300062788203373, 13), (0.0284389601528018, 38), (0.0229896038138172, 24)]
123	Merard_Bergeries	[(0.2161466223151478, 5), (0.1280217605387835, 15), (0.0964195970913836, 35), (0.0449464471935758, 6), (0.0438317386658937, 29), (0.0432829622503001, 25), (0.0418437743508302, 10), (0.0414058283306877, 11), (0.0335785674946874, 13), (0.0276719466963464, 1)]
124	Mercier_An	[(0.1359324941001302, 32), (0.0820577999122085, 20), (0.0646461453015414, 31), (0.0515510703801753, 4), (0.0462089173383015, 24), (0.0458818299889284, 27), (0.0415018488454761, 21), (0.0401040977828822, 33), (0.0355143370606698, 28), (0.0317985041528455, 17)]
125	Mercier_Jezennemours	[(0.077095812495794, 29), (0.0703959642854704, 15), (0.0664481990630519, 11), (0.0633281955770568, 1), (0.0601117635003325, 35), (0.0465381986053605, 13), (0.0389795634880335, 6), (0.0356814966687347, 27), (0.0331755822741444, 31), (0.0301615092284136, 17)]
126	Mercier_Songes	[(0.0949913686125442, 27), (0.0830578973980508, 32), (0.0762358387294927, 15), (0.0669477016283994, 31), (0.0667624345139468, 11), (0.0546998394900304, 21), (0.048305057160588, 29), (0.0457541344752246, 17), (0.0449994494883396, 1), (0.0399821559307259, 4)]
127	Mirabeau_Conversion	[(0.0766900937245495, 30), (0.0723571058666921, 10), (0.0552699550097762, 23), (0.0542125446513059, 5), (0.0505515024556943, 12), (0.0474400573986903, 22), (0.0466254923334745, 15), (0.0461379348353498, 11), (0.0435999624653669, 29), (0.0362134507739162, 37)]
128	Mirabeau_Rideau	[(0.1067569514206395, 30), (0.0808386519665918, 15), (0.0731375388159748, 11), (0.0655085999562427, 18), (0.0610957830961357, 4), (0.0597059481808507, 6), (0.0516987336454459, 1), (0.0450774101165805, 16), (0.0367353752649458, 36), (0.0343727994743994, 24)]
129	Montdorge_Nadir	[(0.1169282120463601, 32), (0.0716512310602791, 27), (0.0658095994776542, 0), (0.0638926033937291, 2), (0.0595212419183678, 1), (0.0466365563637315, 11), (0.0452654778515678, 29), (0.0441416574500472, 15), (0.0357617725210262, 23), (0.0346216750553285, 24)]
130	Montesquieu_Arsace	[(0.0905280306199162, 15), (0.0816729296266043, 39), (0.0752390085903922, 6), (0.0698938992462131, 29), (0.059179227494778, 13), (0.0567069182357081, 32), (0.0533363585338848, 35), (0.0419291287898906, 11), (0.0369907259569169, 1), (0.0275718258143437, 31)]
131	Moreau_Memoire	[(0.1257639802765174, 31), (0.0833709985074082, 4), (0.0619724180473462, 20), (0.0559210450655033, 33), (0.0503322583297847, 6), (0.0453752267280255, 24), (0.0435591157048844, 2), (0.0433847441564434, 13), (0.0411173085297746, 1), (0.037021238001087, 11)]
132	Morelly_Naufrage	[(0.1273197512957866, 32), (0.1184976760224086, 27), (0.0717434582440828, 15), (0.056931901348337, 18), (0.0552703833456432, 31), (0.0418820728791753, 24), (0.0400451975510875, 1), (0.0383282545104919, 4), (0.0365116262500997, 29), (0.0348861418015262, 21)]
133	Morliere_Royalisme	[(0.188433453673144, 2), (0.1055986970589722, 18), (0.0762124696751466, 32), (0.0628612708569848, 29), (0.0438154284301351, 1), (0.0397626858792335, 36), (0.0362687623560073, 15), (0.0357847966816582, 17), (0.0331379292298727, 35), (0.0311498535304313, 6)]
134	Mouhy_Opuscule	[(0.1644794325352777, 15), (0.07472848544659, 1), (0.0742213793076165, 35), (0.073345939031555, 29), (0.0556398872577781, 6), (0.0432474843907675, 31), (0.0415095710357932, 13), (0.0409861570831685, 22), (0.0404389305523941, 36), (0.0372328836521544, 24)]
135	Nerciat_Aphrodites	[(0.2177633089043265, 22), (0.0668007228060683, 10), (0.0493389665318921, 25), (0.0437552590047972, 11), (0.0336656620065865, 12), (0.0313968693921574, 33), (0.0285020546646891, 6), (0.0283323742528949, 36), (0.027681585519015, 16), (0.0268706647753381, 37)]
136	Nerciat_Doctorat	[(0.2132263155377525, 22), (0.0585824110799369, 15), (0.0576332555322646, 24), (0.0529773812738862, 11), (0.0527384044565958, 10), (0.0386201857028164, 1), (0.035770512176053, 18), (0.0350354190756244, 23), (0.0340499408251853, 13), (0.0335849917926123, 21)]
137	Nerciat_Etourdi	[(0.0975221461788905, 23), (0.0752363571071083, 15), (0.0512639076330475, 10), (0.0485460430452236, 18), (0.0455578920648325, 36), (0.0452344321333875, 11), (0.0448421455814401, 35), (0.0419776067013839, 1), (0.041617127024476, 6), (0.03486127314109, 29)]
138	Nerciat_Felicia	[(0.1382223089044747, 22), (0.0622018716835248, 10), (0.058363006072255, 18), (0.0558800542001784, 23), (0.0499962168826337, 15), (0.045498614371966, 16), (0.0441479289527294, 6), (0.0358241704303586, 26), (0.0329134175743911, 11), (0.0282129810427842, 36)]
139	Nerciat_Monrose	[(0.2149831236048765, 22), (0.0487284495978428, 23), (0.0442570186878022, 10), (0.0414653813582512, 18), (0.0357412602551355, 6), (0.0343413134055634, 26), (0.0335009856444289, 16), (0.032214754788425, 36), (0.0320398849952912, 11), (0.0304097961091361, 24)]
140	Pertusier_Premiere	[(0.1286999069219831, 10), (0.0737075416004494, 16), (0.0711442852879529, 11), (0.0581296208012173, 22), (0.0504478518724123, 6), (0.0495703017999256, 18), (0.0447050454956364, 34), (0.0445807660742303, 36), (0.038880619798709, 13), (0.0351661863853863, 23)]
141	PigaultLebrun_Adele	[(0.0771045286582107, 10), (0.071397095335815, 9), (0.0631474401025819, 23), (0.06062717941267, 36), (0.059710154203413, 18), (0.0511133335388817, 11), (0.0408096593271779, 1), (0.0347818590102402, 24), (0.0336849582817726, 34), (0.0336028295611549, 16)]
142	PigaultLebrun_Enfant	[(0.0715444455082668, 12), (0.0667631867898899, 16), (0.0646564981055432, 11), (0.0623656234377159, 33), (0.0518180240957021, 10), (0.044631532584275, 38), (0.0408971510516163, 37), (0.0406078336502484, 13), (0.0346588132926386, 6), (0.0298584338650475, 23)]
143	PigaultLebrun_Kinglin	[(0.1263019526008592, 37), (0.0985342347393696, 12), (0.061608923522993, 10), (0.043237190552369, 23), (0.0395904633451049, 16), (0.037576859532262, 6), (0.0342239941107196, 20), (0.0334249375949289, 36), (0.0316858049364971, 33), (0.0291870333394384, 9)]
144	PigaultLebrun_Metusko	[(0.1207054894837164, 2), (0.0684644951195359, 35), (0.0573311588580069, 11), (0.0559754785755469, 29), (0.0542305353420225, 6), (0.0517928127931474, 36), (0.0503611593109782, 15), (0.0499977350559484, 32), (0.0479015114151267, 18), (0.0461167096565721, 1)]
145	Popeliniere_Daira	[(0.0989855088973214, 29), (0.0758932086675519, 0), (0.0753516475831598, 11), (0.0716321382945304, 13), (0.0707006880465997, 6), (0.0583089815190163, 1), (0.0576375988621239, 18), (0.0504997871296023, 17), (0.0443776671548932, 21), (0.0368452131761395, 38)]
146	Prevost_Monde	[(0.213132687360165, 18), (0.0566589187640968, 1), (0.0432928303837422, 6), (0.0430642041831239, 17), (0.0429805271578731, 36), (0.0411235151505074, 11), (0.0397702144597161, 38), (0.0352436236840096, 13), (0.0335214451302867, 29), (0.0318645569675447, 0)]
147	Puget_Periphas	[(0.1258996417354698, 32), (0.1082804744849361, 2), (0.0736568753031041, 39), (0.0613652066972317, 27), (0.0503203438355432, 18), (0.0467475418812581, 15), (0.0428418358771326, 5), (0.040391440531728, 21), (0.0394307801448845, 36), (0.0393496346779032, 1)]
148	Puttelange_Roi	[(0.1396971227662863, 39), (0.0815165833530613, 32), (0.0524899652511561, 10), (0.0439798669434427, 15), (0.0417669597195029, 24), (0.0408599467940181, 6), (0.0376412899891211, 37), (0.03731515337764, 12), (0.0371862192945228, 23), (0.035475306733959, 5)]
149	Quesne_Folies	[(0.0918461652044139, 12), (0.0516311304200558, 33), (0.0512392833441436, 20), (0.042925466930433, 10), (0.0408273605570383, 38), (0.03490720482565, 24), (0.0341364456809025, 16), (0.0333121988464319, 32), (0.0330699678947083, 11), (0.0322500981551161, 15)]
150	Retif_AntiJustine	[(0.4489869487213479, 30), (0.0637540358556865, 16), (0.063104886405571, 9), (0.0401442210924525, 11), (0.0329225094776107, 13), (0.0309949976482074, 6), (0.0273096522258062, 12), (0.0216055181658623, 10), (0.019335017898213, 3), (0.0186409795158229, 37)]
151	Retif_Paysan	[(0.1123717901328188, 9), (0.072190490762836, 34), (0.057211109010202, 10), (0.045675790004051, 18), (0.0437656652470707, 23), (0.0424783719369978, 13), (0.0389739661461582, 35), (0.0360842339581876, 6), (0.0347088234195744, 15), (0.0337389774408824, 21)]
152	Retif_Paysanne	[(0.1394877919102335, 9), (0.085860777981205, 34), (0.0682627536769775, 10), (0.0431006851215069, 21), (0.0408835106795437, 18), (0.040629605212261, 11), (0.0371370893502851, 23), (0.0355331124469242, 16), (0.0331870684001585, 13), (0.0319996698857494, 36)]
153	Retif_Sara	[(0.1135363782752233, 9), (0.0742335984630447, 16), (0.0645810908049111, 35), (0.0601764945686178, 18), (0.056177828302878, 6), (0.0518524902263176, 13), (0.0496296818801559, 10), (0.0484237835659782, 15), (0.0469733937541822, 34), (0.0412675529300946, 11)]
154	Retif_Vie	[(0.1188232153394759, 9), (0.0784800624408852, 3), (0.0774867487034079, 28), (0.0627810095769293, 24), (0.0537067999855455, 18), (0.0450226188604967, 37), (0.0332514086832717, 13), (0.0313854387907055, 29), (0.0308515316605757, 14), (0.0299858354803594, 6)]
155	Reveroni_Pauliska	[(0.1038378512922311, 33), (0.0821960025551943, 11), (0.0595822916506983, 1), (0.0584458254451187, 29), (0.0464179279290647, 4), (0.0435421773202423, 38), (0.0375158354919338, 6), (0.0361155932251353, 36), (0.0357680568751719, 21), (0.0339758849744411, 26)]
156	Riccoboni_Ernestine	[(0.1787328940817386, 7), (0.1187677678491267, 1), (0.0876970711993981, 35), (0.0574917863380643, 23), (0.0510559626294673, 15), (0.0487812277656231, 18), (0.0476275260549541, 34), (0.046193328895264, 13), (0.0388417312865317, 29), (0.0381891575872308, 6)]
157	Riccoboni_Histoire	[(0.1480609101933322, 35), (0.1249816232308912, 1), (0.0740505776262535, 18), (0.0567357238981439, 23), (0.0554658600496754, 15), (0.049817755211361, 13), (0.0491383741690693, 36), (0.0482913358347469, 11), (0.0469058087829175, 7), (0.0453994727307938, 34)]
158	Riccoboni_LettreJuliette	[(0.1379686958501144, 7), (0.1225940068991583, 35), (0.1037289020134144, 34), (0.1027072976660656, 1), (0.0584693728799722, 10), (0.0508880758861552, 23), (0.0489586529904346, 29), (0.0395727361955993, 6), (0.0324257325024068, 15), (0.0289740473905899, 13)]
159	Riccoboni_LettresAdelaide	[(0.1446507341303866, 7), (0.1228642328565264, 1), (0.0975273503310096, 35), (0.0946252278660633, 34), (0.0615588249118934, 10), (0.0509709876160192, 23), (0.0402289672725224, 13), (0.0355971143690464, 29), (0.0299973444244323, 36), (0.028078955083848, 26)]
160	Riccoboni_LettresFanni	[(0.1606256638770216, 34), (0.1193042962001232, 15), (0.1108121861167213, 35), (0.0976950786481241, 10), (0.0744952873389729, 7), (0.0677534931542361, 1), (0.0439691690948784, 16), (0.0366543445455559, 8), (0.0264471483088671, 23), (0.0261169362341133, 29)]
161	Riccoboni_MissJenny	[(0.2050710876703793, 7), (0.1190774156135062, 1), (0.0696729238618859, 35), (0.0678193658833086, 18), (0.0551565430867035, 29), (0.0423502960719053, 36), (0.0419630504300277, 11), (0.0398732055941167, 17), (0.0366204663980738, 34), (0.0361496907075064, 6)]
162	Riccoboni_MylordRivers	[(0.1502334561205121, 7), (0.1186993734974634, 1), (0.087314706740171, 35), (0.0754349718165888, 23), (0.060377178602018, 10), (0.0486183795417714, 34), (0.0428382322127152, 18), (0.0357579390868048, 36), (0.0294464879164368, 24), (0.0283705649291504, 13)]
163	Ripault_Journee	[(0.1191671159091789, 20), (0.0764570631270528, 10), (0.073684138049378, 12), (0.0699431702265199, 11), (0.0468488095700543, 37), (0.04614031598836, 16), (0.042950707955331, 22), (0.040291620047435, 23), (0.0385599897161793, 13), (0.0370583898777044, 33)]
164	Rosny_Firmin	[(0.0839951441658738, 18), (0.0822162354272937, 17), (0.0609985308572786, 26), (0.0588675643633554, 6), (0.0549088283053107, 36), (0.0475368186330628, 20), (0.0459240559794936, 23), (0.0397649625631049, 24), (0.0396875020298954, 15), (0.03859428733874, 35)]
165	Rousseau_Emile	[(0.2781709018291369, 24), (0.069661342579951, 4), (0.045565915129242, 35), (0.0433120076600018, 31), (0.0396290806864612, 13), (0.0360096688231648, 17), (0.0354544200277005, 23), (0.0339495750228414, 1), (0.0324315484423242, 6), (0.0315397837933969, 10)]
166	Rousseau_Julie	[(0.1430553938413112, 24), (0.1031459826024689, 35), (0.0603308090644952, 15), (0.0524601801249543, 6), (0.0474168400611066, 10), (0.0467557683657009, 29), (0.0459950552385717, 1), (0.0401270232885106, 34), (0.0330854649661579, 17), (0.032260735879395, 13)]
167	Rousseau_Reine	[(0.1273438562685879, 10), (0.1039259975498297, 39), (0.079587262764528, 24), (0.062527200673388, 6), (0.0598319389961076, 9), (0.0566264560262279, 23), (0.0479733542563329, 1), (0.0468601985370854, 36), (0.0382290426728498, 18), (0.0314256306620024, 29)]
168	Rousseau_Reveries	[(0.1550148390102984, 24), (0.1066466310595022, 1), (0.0571673048424614, 4), (0.0535242927795283, 17), (0.0523369588552984, 10), (0.0505515758867137, 6), (0.0498649462896794, 28), (0.0453863363574936, 31), (0.0368227010956659, 15), (0.0341755445090401, 35)]
169	Sacy_Amours	[(0.2692316713786551, 5), (0.1713466650835226, 15), (0.0873090772403489, 29), (0.0661581377635963, 11), (0.0512019701494334, 27), (0.0301989313050265, 6), (0.0299695375754832, 35), (0.029951574852281, 26), (0.0261878188121264, 2), (0.0227484658706213, 1)]
170	Sade_120	[(0.3595389367000645, 30), (0.0499024695455183, 10), (0.0465414857249558, 36), (0.0401903888733025, 16), (0.0395079710452344, 12), (0.0386969686297128, 6), (0.0292120558117003, 21), (0.028324521959403, 4), (0.0273511817191631, 33), (0.0259575973072993, 23)]
171	Sade_Aline	[(0.1179524909303617, 36), (0.0600868804223024, 21), (0.0469592779994882, 4), (0.0459743123077249, 29), (0.0391678339563785, 10), (0.0378161902958511, 15), (0.0352122918417178, 38), (0.03313928535026, 26), (0.0326172374013553, 24), (0.0318189808689108, 13)]
172	Sade_Crimes	[(0.1379874232864205, 36), (0.0823932921172685, 21), (0.0554423355456275, 29), (0.0500555379853317, 15), (0.0486221713928818, 35), (0.0435689009336806, 26), (0.0365448660383815, 23), (0.0336174207003632, 6), (0.0315464921648424, 13), (0.0271871702294239, 11)]
173	Sade_Infortunes	[(0.1200047845504941, 36), (0.1064928729850055, 21), (0.0539730234653688, 16), (0.0539261071231788, 17), (0.0444282632541712, 38), (0.0426403462598125, 6), (0.0376134177087306, 37), (0.0352473218293254, 29), (0.0340682233220618, 4), (0.0313788738173215, 24)]
174	Sade_Justine	[(0.1144511669166926, 36), (0.1012068648612348, 21), (0.06880062282614, 4), (0.0683836967543809, 30), (0.0377546908753384, 17), (0.0350018180607115, 11), (0.0346204083048715, 38), (0.0341146618996437, 16), (0.033041151433105, 33), (0.0325108370531603, 29)]
175	Sade_Philosophie	[(0.1566527906600247, 30), (0.1345119045667587, 4), (0.0811091350523406, 36), (0.0626399908032857, 31), (0.0519720170179592, 21), (0.0451921077737996, 10), (0.0409441561009395, 32), (0.039079601625581, 24), (0.0366007101501071, 15), (0.0349077490467136, 23)]
176	Saurin_Mirza	[(0.0864526173955995, 39), (0.0785740456186269, 27), (0.0538132268086239, 6), (0.0509244816630965, 5), (0.0484377990866949, 11), (0.0481789758414692, 15), (0.0469562097871862, 29), (0.0415643197865754, 1), (0.0362456989029384, 33), (0.0361102407640961, 35)]
177	Segur_Correspondance	[(0.1246036032203929, 35), (0.1179566748756806, 34), (0.0928365739481842, 23), (0.0871532196224027, 10), (0.0796010212996387, 15), (0.0457125398841551, 8), (0.0431911660411738, 6), (0.0414739850848451, 36), (0.0399133392194316, 19), (0.0353035337682722, 1)]
178	Senac_Emigre	[(0.0867511793803871, 1), (0.0780460960285971, 34), (0.0591209213486889, 18), (0.0473175633810381, 32), (0.0452012096293611, 17), (0.0426349571881, 23), (0.0393578348890558, 19), (0.0349757846390536, 20), (0.0338110110843821, 25), (0.0326020021054472, 36)]
179	Souza_Adele	[(0.0858447240593469, 13), (0.082891729428023, 16), (0.0802087251233385, 1), (0.0743374156555428, 6), (0.0681990202500628, 10), (0.0526010768342752, 19), (0.0525935265875067, 34), (0.0437233678627616, 11), (0.0393045393325539, 9), (0.0343982797492004, 29)]
180	Souza_Emilie	[(0.1124168397203152, 1), (0.0679494484531876, 13), (0.0598021348220782, 6), (0.0563313039425813, 29), (0.0556780535838061, 11), (0.0544276297705822, 35), (0.0468644216345111, 10), (0.0432596816914519, 34), (0.0419363853027143, 36), (0.0417400609820001, 19)]
181	Tiphaigne_Amilec	[(0.3228407208130984, 4), (0.086442604532918, 27), (0.0754358295403652, 6), (0.0440286967720177, 10), (0.0378503957556012, 33), (0.0361497354610548, 28), (0.0300886150039392, 18), (0.0267164241098888, 11), (0.0252983427482623, 1), (0.0224506485334088, 13)]
182	Tiphaigne_Galligenes	[(0.1211709348394262, 32), (0.0835884630730114, 4), (0.0774414876245596, 24), (0.0575302567335175, 27), (0.0525300740682133, 28), (0.0460296654847464, 6), (0.0407429163748877, 15), (0.038274596235145, 1), (0.0360013181133368, 35), (0.029441608413975, 36)]
183	Tressan_Jehan	[(0.1099554221877829, 39), (0.0956203537929931, 2), (0.078359251262576, 11), (0.0482879946315111, 5), (0.0473016846609889, 22), (0.0452638769891361, 18), (0.0424174367404933, 1), (0.0413712188143728, 6), (0.0388959051475142, 10), (0.0339115750745133, 13)]
184	Tressan_Prince	[(0.1062157410636024, 2), (0.0992598939969244, 25), (0.080107948080746, 11), (0.055609000193557, 18), (0.051635166704038, 6), (0.0459529822249347, 5), (0.0431263662925461, 38), (0.0423442304370858, 21), (0.0406300316071874, 29), (0.0368549788526042, 36)]
185	Villeneuve_Temps	[(0.155200550875742, 18), (0.0879191348745192, 36), (0.0679693652458339, 6), (0.0632723871096679, 39), (0.0543031323757075, 17), (0.0414943641802408, 24), (0.0395470391694904, 21), (0.0392389995210927, 29), (0.030298030060901, 9), (0.0302301061426356, 26)]
186	Voisenon_Histoire	[(0.1430854397298255, 23), (0.1206977793895278, 10), (0.0907226560689847, 35), (0.0816702972663183, 13), (0.0513456358711455, 6), (0.0451765019912388, 24), (0.0426647813926165, 18), (0.0363880177357597, 31), (0.034591834475094, 8), (0.0339950503010502, 9)]
187	Voltaire_Amabed	[(0.1259561445198114, 14), (0.0856331514548346, 12), (0.0577041239464333, 0), (0.0530052435217657, 13), (0.0490019266116059, 10), (0.0454536779310079, 21), (0.0450725665210178, 34), (0.0421721657040645, 32), (0.0384924460175729, 31), (0.0319282008874162, 11)]
188	Voltaire_Candide	[(0.1265255899682397, 12), (0.0993461936605606, 0), (0.0712585705192115, 10), (0.0525428973657594, 13), (0.0472638665587165, 38), (0.0376541844671846, 37), (0.0337693917611292, 39), (0.032854441404582, 29), (0.0317644194043128, 20), (0.0298589261157448, 14)]
189	Voltaire_Consoles	[(0.1490770237768523, 32), (0.1310923856801468, 10), (0.1066352909375611, 6), (0.0695854825272859, 31), (0.0610647712964249, 12), (0.0591709178452579, 23), (0.047892293561137, 21), (0.0471031302830863, 14), (0.0419770480884358, 33), (0.0373382557793362, 29)]
190	Voltaire_Eloge	[(0.1674552781009102, 37), (0.1551307745405619, 32), (0.0603853945449605, 31), (0.0581165335258139, 12), (0.0460530262191865, 14), (0.0453558486546098, 28), (0.0404913077741055, 6), (0.0402259969632079, 21), (0.0400445110967212, 13), (0.0400013971467353, 4)]
191	Voltaire_Homme	[(0.1553202645270745, 37), (0.075600986946903, 10), (0.0726704224860763, 4), (0.0615012227716952, 12), (0.0576581979819421, 32), (0.0569548982858364, 28), (0.0560236276743033, 14), (0.0464778970242342, 20), (0.0324193948433525, 9), (0.0319911063284158, 6)]
192	Voltaire_Ingenu	[(0.1493237878398771, 14), (0.0590409713168295, 13), (0.0528189839060378, 10), (0.0428757939412317, 9), (0.0403711175641047, 29), (0.0354150450812637, 11), (0.0345247194971789, 38), (0.0309749252438977, 17), (0.0298259529906234, 20), (0.0286919210400066, 1)]
193	Voltaire_Jenni	[(0.1134925822994448, 31), (0.1093503020051696, 14), (0.0570281423635758, 4), (0.0566095360115405, 21), (0.0559475590698828, 10), (0.048771593069691, 12), (0.044628575003837, 27), (0.0355588540959512, 13), (0.0297923001516032, 29), (0.027831850158357, 6)]
194	Voltaire_Micromegas	[(0.2284149801775295, 4), (0.0919427992061929, 10), (0.0842067208287967, 13), (0.0727190177777251, 12), (0.060783848122862, 27), (0.0442157258808852, 6), (0.0301293368323739, 31), (0.0288480957879767, 20), (0.0271373224184853, 0), (0.0263515344202458, 11)]
195	Voltaire_Oreilles	[(0.1008599237171103, 4), (0.0732580441523769, 12), (0.0689234740887416, 10), (0.0684234561364278, 31), (0.0597805973688733, 39), (0.0508051897360558, 37), (0.0490050501475246, 27), (0.0483820685763965, 14), (0.0377551719492365, 13), (0.0328941147626832, 0)]
196	Voltaire_Princesse	[(0.1617529842708119, 39), (0.0472671911642922, 32), (0.0458174971655104, 10), (0.0427365570844917, 38), (0.0426711486895051, 2), (0.0426478653650385, 12), (0.0382392318576406, 13), (0.0317395980495218, 5), (0.0313896861906384, 28), (0.0312054306189834, 29)]
197	Voltaire_Scarmentado	[(0.120758399863315, 14), (0.1143209902889298, 10), (0.1072738268358654, 0), (0.1040610448331088, 12), (0.0706766470153602, 4), (0.0496567920091947, 13), (0.0340924650916204, 6), (0.031486067400169, 32), (0.0295662518320444, 16), (0.0257550006117345, 20)]
198	Voltaire_Songe	[(0.1605738223554192, 31), (0.111828911847614, 20), (0.1047115476138482, 39), (0.066303037444229, 24), (0.0655851329395188, 1), (0.0578152849412102, 29), (0.0492710893995353, 27), (0.0400426312431789, 10), (0.0359902682444918, 15), (0.0352567982174145, 4)]
199	Voltaire_Taureau	[(0.2173682352206558, 39), (0.1103503875897349, 12), (0.0652818563993142, 10), (0.0434471417183921, 6), (0.0375804603893529, 29), (0.0331593687608051, 13), (0.0303817085231142, 15), (0.027214257853091, 18), (0.024078869880143, 24), (0.0232651169195738, 36)]
