	0	1	2	3	4	5	6	7	8	9	10	11	12	13	14	15	16	17	18	19	20	21	22	23	24
roi	0.029540561999165105	0.0	0.0	0.0	0.0	0.0	0.0	0.0	0.0	0.0	0.0	0.0	0.0	0.0	0.0	0.0	0.0	0.0	0.0	0.0	0.0	0.0	0.0	0.0	0.0
prince	0.023532589567082204	0.0	0.0	0.0	0.0	0.0	0.0	0.0	0.0	0.0	0.0	0.0	0.0	0.0	0.0	0.0	0.0	0.0	0.0	0.0	0.0	0.0	0.0	0.0	0.0
peuple	0.018465920717682594	0.0	0.0	0.0	0.0	0.0	0.0	0.0	0.0	0.0	0.0	0.0	0.0	0.0	0.0	0.0	0.0	0.0	0.0	0.0	0.0	0.0	0.0	0.003999822476672325	0.0
grand	0.009486703063738531	0.008201116229192562	0.005802482036277806	0.004525008753737172	0.005666239249096595	0.006682101689887862	0.0	0.0052281838651216436	0.013959544573643411	0.0	0.0	0.0	0.0	0.0	0.0	0.008076391636880242	0.009432824033958167	0.003910141177278816	0.004550416671170246	0.0038608816734706794	0.0070803380472776265	0.0	0.0031901800751392667	0.004998391194842947	0.008795074758135445
ennemi	0.009363924335562449	0.0	0.0	0.0	0.0	0.0	0.0	0.0	0.0	0.0	0.0	0.0	0.0	0.0	0.0	0.0	0.0	0.0	0.0	0.0	0.0	0.0	0.0	0.0	0.0
princesse	0.008938291411218702	0.0	0.0	0.0035284294448783902	0.0	0.0	0.0	0.0	0.0	0.0	0.0	0.0	0.0	0.0	0.0	0.0	0.0	0.0	0.0	0.0038767049590176903	0.0	0.0	0.0	0.0	0.0
cour	0.007137536731302846	0.0	0.0	0.006262288900261265	0.0	0.0	0.0	0.0	0.0	0.0	0.0	0.0	0.0	0.0	0.0	0.0	0.0	0.0	0.0	0.0	0.0	0.0	0.0	0.0	0.0
arme	0.00711298098566763	0.0	0.0	0.0	0.0	0.0	0.0	0.0	0.0	0.0	0.0	0.0	0.0	0.0	0.0	0.0	0.0	0.0	0.0	0.0	0.0	0.0	0.0	0.0	0.0
gloire	0.006548198836057657	0.0	0.0	0.0	0.0	0.0	0.0	0.0	0.0	0.0	0.0	0.0	0.0	0.0	0.0	0.0	0.0	0.0	0.0	0.0	0.0	0.0	0.0	0.0	0.0
guerre	0.006490902096242152	0.0	0.0	0.0	0.0	0.0	0.0	0.0	0.0	0.0	0.0	0.0	0.0	0.0	0.0	0.0	0.0	0.0	0.0	0.0	0.0	0.0	0.0	0.0	0.0
souverain	0.006024342929173044	0.0	0.0	0.0	0.0	0.0	0.0	0.0	0.0	0.0	0.0	0.0	0.0	0.0	0.0	0.0	0.0	0.0	0.0	0.0	0.0	0.0	0.0	0.0	0.0
palais	0.005893378952451891	0.0	0.0	0.0	0.0	0.0	0.0	0.0	0.0	0.0	0.0	0.0	0.0	0.0	0.0	0.0	0.0	0.0	0.0	0.0	0.0	0.0	0.0	0.0	0.0
troupe	0.005778785472820882	0.0	0.0	0.0	0.0	0.0	0.0	0.0	0.0	0.0	0.0	0.0	0.0	0.0	0.0	0.0	0.0	0.0	0.0	0.0	0.0	0.0	0.0	0.0	0.0
trône	0.005721488733005378	0.0	0.0	0.0	0.0	0.0	0.0	0.0	0.0	0.0	0.0	0.0	0.0	0.0	0.0	0.0	0.0	0.0	0.0	0.0	0.0	0.0	0.0	0.0	0.0
général	0.004911149127043242	0.0	0.0	0.0	0.0	0.0	0.0	0.0	0.0	0.0	0.0	0.0	0.0	0.0	0.0	0.0	0.0	0.0	0.0	0.0	0.0	0.0	0.0	0.0	0.0
soldat	0.004870222884317882	0.0	0.0	0.0	0.0	0.0	0.0	0.0	0.0	0.0	0.0	0.0	0.0	0.0	0.0	0.0	0.0	0.0	0.0	0.0	0.0	0.0	0.0	0.0	0.0
sang	0.004722888410506585	0.0	0.0	0.0	0.0	0.0	0.0	0.0	0.0	0.0	0.0	0.0	0.0	0.0	0.0	0.0	0.0	0.0	0.0	0.0	0.0	0.005538280053951608	0.0	0.0	0.0
donner	0.004600109682330504	0.007604006726621335	0.010430944931740928	0.007353139224822905	0.007419833864648851	0.0	0.0036644855844620463	0.008435389093305509	0.0	0.0	0.004767561058951787	0.010349841117572997	0.0	0.0	0.004200253506424648	0.009776001764480744	0.0	0.010430859773062963	0.005750170235303019	0.0054748567992657995	0.006613968475301256	0.0	0.0	0.005420009098070543	0.009277385309388033
reine	0.004493701451244567	0.0	0.0	0.0	0.0	0.0	0.0	0.0	0.0	0.0	0.0	0.0	0.0	0.0	0.0	0.0	0.0	0.0	0.0	0.0	0.0	0.0	0.0	0.0	0.0
sujet	0.004436404711429063	0.0	0.0	0.0	0.0	0.0	0.0	0.0	0.0	0.0	0.0	0.0	0.0	0.0	0.0	0.0	0.0	0.0	0.0	0.0	0.0	0.0	0.0	0.0	0.0
chef	0.00442821946288399	0.0	0.0	0.0	0.0	0.0	0.0	0.0	0.0	0.0	0.0	0.0	0.0	0.0	0.0	0.0	0.0	0.0	0.0	0.0	0.0	0.0	0.0	0.0	0.0
patrie	0.004420034214338919	0.0	0.0	0.0	0.0	0.0	0.0	0.0	0.0	0.0	0.0	0.0	0.0	0.0	0.0	0.0	0.0	0.0	0.0	0.0	0.0	0.0	0.0	0.0	0.0
fil|fils	0.004379107971613558	0.0	0.0	0.0	0.0	0.0	0.0	0.0	0.0	0.0	0.0	0.0	0.0	0.0	0.0	0.0	0.0	0.029317471403872357	0.0	0.0	0.0	0.0	0.0	0.0	0.0
armer	0.0042154030007121165	0.0	0.0	0.0	0.0	0.0	0.0	0.0	0.0	0.0	0.0	0.0	0.0	0.0	0.0	0.0	0.0	0.0	0.0	0.0	0.0	0.0	0.0	0.0	0.0
monarque	0.004166291509441684	0.0	0.0	0.0	0.0	0.0	0.0	0.0	0.0	0.0	0.0	0.0	0.0	0.0	0.0	0.0	0.0	0.0	0.0	0.0	0.0	0.0	0.0	0.0	0.0
porter	0.004125365266716324	0.0	0.0	0.0	0.0	0.0	0.0	0.0	0.0	0.0	0.0	0.0	0.0	0.0	0.0	0.003743034517654538	0.0	0.0	0.0	0.0	0.0	0.004003001166638476	0.0	0.0	0.0
armée	0.0041008095210811075	0.0	0.0	0.0	0.0	0.0	0.0	0.0	0.0	0.0	0.0	0.0	0.0	0.0	0.0	0.0	0.0	0.0	0.0	0.0	0.0	0.0	0.0	0.0	0.0
combat	0.004084439023990963	0.0	0.0	0.0	0.0	0.0	0.0	0.0	0.0	0.0	0.0	0.0	0.0	0.0	0.0	0.0	0.0	0.0	0.0	0.0	0.0	0.0	0.0	0.0	0.0
ministre	0.004051698029810675	0.0	0.0	0.0	0.0	0.0	0.0	0.0	0.0	0.0	0.0	0.0	0.0	0.0	0.0	0.0	0.0	0.0	0.0	0.0	0.0	0.0	0.0	0.0	0.0
nation	0.003978030792905027	0.0	0.0	0.0	0.0	0.0	0.0	0.0	0.0	0.0	0.0	0.0	0.0	0.0	0.0	0.0	0.0	0.0	0.0	0.0	0.0	0.0	0.0	0.0	0.0
empire	0.0038716225618190894	0.0	0.0	0.0	0.0	0.0	0.0	0.0	0.0	0.0	0.0	0.0	0.0	0.0	0.0	0.0	0.0	0.0	0.0	0.0	0.0	0.0	0.0	0.0	0.0
héro|héros	0.0038306963190937295	0.0	0.0	0.0	0.0	0.0	0.0	0.0	0.0	0.0	0.0	0.0	0.0	0.0	0.0	0.0	0.0	0.0	0.0	0.0	0.0	0.0	0.0	0.0	0.0
empereur	0.0037406585850979367	0.0	0.0	0.0	0.0	0.0	0.0	0.0	0.0	0.0	0.0	0.0	0.0	0.0	0.0	0.0	0.0	0.0	0.0	0.0	0.0	0.0	0.0	0.0	0.0
ordre	0.0037406585850979367	0.00411274402281202	0.0	0.0	0.0	0.0	0.0	0.0	0.0	0.0	0.0	0.004867647940524012	0.0	0.0	0.0	0.0	0.0	0.0	0.0	0.0	0.0	0.0	0.0	0.0033341099978919106	0.0
tête	0.003568768365651423	0.0	0.0	0.0	0.0	0.0	0.0	0.0	0.0	0.0059190713667707645	0.0	0.0	0.0	0.0	0.0	0.00535182578347486	0.0	0.0	0.0	0.0	0.004126664091427279	0.0	0.004712397979012826	0.0	0.0
nouveau	0.003421433891840126	0.003826375179742146	0.0	0.002989737926576346	0.0	0.0	0.0	0.0	0.0	0.0	0.0	0.0048564062593680676	0.0	0.003805495166470757	0.0055671999138409535	0.0	0.002873720810345395	0.0	0.0	0.006424253932086459	0.0	0.0	0.0029634667703070344	0.0	0.0
paix	0.0034132486432950537	0.0	0.0	0.0	0.0	0.0	0.0	0.0	0.0	0.0	0.0	0.0	0.0	0.0	0.0	0.0	0.0	0.0	0.0	0.0	0.0	0.0	0.0	0.0	0.0
esclave	0.0034050633947499817	0.0	0.0	0.0	0.0	0.0	0.0	0.0	0.0	0.0	0.0	0.0	0.0	0.0	0.0	0.0	0.0	0.0	0.0	0.0	0.0	0.0	0.0	0.0	0.0
guerrier	0.0032904699151189726	0.0	0.0	0.0	0.0	0.0	0.0	0.0	0.0	0.0	0.0	0.0	0.0	0.0	0.0	0.0	0.0	0.0	0.0	0.0	0.0	0.0	0.0	0.0	0.0
nombre	0.0031431354413076753	0.0	0.0	0.0	0.0	0.0	0.0	0.0	0.0	0.0	0.0	0.0	0.0	0.0	0.0	0.0	0.0	0.0	0.0	0.0	0.0	0.0	0.0	0.0	0.0
royaume	0.003110394447127387	0.0	0.0	0.0	0.0	0.0	0.0	0.0	0.0	0.0	0.0	0.0	0.0	0.0	0.0	0.0	0.0	0.0	0.0	0.0	0.0	0.0	0.0	0.0	0.0
ville	0.0030694682044020267	0.008262045770271259	0.0	0.0	0.0	0.0	0.0	0.0	0.0	0.0	0.0	0.0	0.0	0.0	0.0	0.0	0.0	0.0	0.0	0.0	0.0	0.0	0.0	0.0	0.0034953329361364087
victoire	0.002987615718951306	0.0	0.0	0.0	0.0	0.0	0.0	0.0	0.0	0.0	0.0	0.0	0.0	0.0	0.0	0.0	0.0	0.0	0.0	0.0	0.0	0.0	0.0	0.0	0.0
maître	0.0029712452218611618	0.0	0.0	0.0	0.0	0.0	0.0	0.0	0.0	0.0	0.0	0.0	0.0	0.0	0.0	0.012143779232321135	0.0	0.0	0.0	0.0	0.004852127870057189	0.0	0.0	0.0	0.0032626890231792775
recevoir	0.0029630599733160897	0.005776120494260437	0.008703723054416709	0.006181485172515959	0.0	0.0	0.0	0.0	0.0	0.0	0.0	0.0	0.0	0.0	0.0	0.0	0.0	0.0	0.004853057209870405	0.0049526883762144374	0.0	0.0	0.0	0.0	0.0
rang	0.002897577984955513	0.0	0.0	0.0	0.0	0.0	0.0	0.0	0.0	0.0	0.0	0.0	0.0	0.0	0.0	0.0	0.0	0.0	0.0	0.0	0.0	0.0	0.0	0.0	0.0
commander	0.0028239107480498645	0.0	0.0	0.0	0.0	0.0	0.0	0.0	0.0	0.0	0.0	0.0	0.0	0.0	0.0	0.0	0.0	0.0	0.0	0.0	0.0	0.0	0.0	0.0	0.0
honneur	0.002791169753869576	0.0	0.0	0.00486169095267595	0.0	0.0	0.0	0.0	0.0	0.0	0.0	0.0	0.003420619598595473	0.0	0.0	0.0	0.0	0.0	0.0	0.0	0.0	0.0	0.0037974478559398886	0.0	0.0
loi	0.0027338730140540717	0.0	0.0	0.0	0.0	0.0	0.0	0.0	0.0	0.0	0.0	0.0	0.004165640912683502	0.0	0.0	0.0	0.0	0.0	0.0	0.0	0.0	0.0	0.0	0.011167326831541457	0.0
nom	0.0027011320198737834	0.0	0.0	0.004040186387265332	0.0	0.0	0.0	0.0	0.0	0.0	0.0	0.0	0.0	0.0	0.0	0.0	0.0036853824132673766	0.007488235226765288	0.0	0.0	0.0	0.0	0.0	0.0	0.0
arriver	0.0	0.014537788501377007	0.0043518615272083545	0.0031513453820669595	0.0	0.0	0.0	0.0	0.0	0.0	0.0	0.0	0.0	0.0	0.0	0.0	0.0	0.0	0.0	0.0	0.0	0.0	0.0	0.0	0.0
partir	0.0	0.012917062708683678	0.005181665631972659	0.004174859266840843	0.0	0.0	0.0	0.0	0.0	0.0	0.0	0.0	0.0	0.0	0.0	0.0	0.0	0.0	0.0	0.0	0.0	0.0	0.0	0.0	0.0
homme	0.0	0.011704564841217615	0.0	0.0	0.013643574292100209	0.0	0.0	0.0	0.004663275193798449	0.0	0.005711310347071936	0.0	0.01794529600020731	0.0	0.0	0.0	0.004979653617926753	0.012749464717130198	0.0	0.003148833823855185	0.014014641178077804	0.003989990328610399	0.0	0.02775466276115346	0.021567793003659887
jour	0.0	0.011131827155077868	0.009926915771810018	0.007716755999676785	0.0	0.0	0.004122546282519802	0.0	0.005238614341085271	0.0	0.0	0.00412944421128365	0.0	0.00797266962562262	0.009759168896584292	0.0060394543083819325	0.0	0.008530176213975749	0.0121650687966796	0.0	0.0	0.008994826023410835	0.0	0.0	0.0
cheval	0.0	0.008706831420145743	0.0	0.0	0.0	0.0	0.0	0.0	0.0	0.0	0.0	0.0	0.0	0.0	0.0	0.0	0.0	0.0	0.0	0.0	0.0	0.0	0.0	0.0	0.0
passer	0.0	0.008633715970851307	0.0	0.0	0.0	0.0	0.0	0.0	0.0	0.004983308515813278	0.0	0.003488668385394808	0.0	0.003785838683172871	0.0	0.007090358280409723	0.0	0.0	0.008960321663658276	0.0	0.0	0.0	0.0	0.0	0.0
route	0.0	0.0078050742121810335	0.0	0.0	0.0	0.0	0.0	0.0	0.0	0.0	0.0	0.0	0.0	0.0	0.0	0.0	0.0	0.0	0.0	0.0	0.0	0.0	0.0	0.0	0.0
temps	0.0	0.007646657405376423	0.0	0.0036765696124114525	0.0	0.0032545378144336694	0.0	0.009325059036740073	0.0031038032945736433	0.004441160197401401	0.0	0.008656094490077343	0.0	0.009635608112623787	0.0	0.0	0.004540917616347303	0.0	0.009295387974362024	0.0058387923668470525	0.004767333402425122	0.0	0.0	0.0	0.0
suivre	0.0	0.00715922107674685	0.0	0.0	0.0	0.0	0.0	0.0	0.0	0.0	0.0	0.003784699322501349	0.0	0.0	0.0	0.0	0.0	0.0	0.0	0.0	0.0	0.0	0.0	0.0	0.0
voiture	0.0	0.007140942214423241	0.0	0.0	0.0	0.0	0.0	0.0	0.0	0.0	0.0	0.0	0.0	0.0	0.0	0.0	0.0	0.0	0.0	0.0	0.0	0.0	0.0	0.0	0.0
maison	0.0	0.006848480417245497	0.0	0.0	0.0	0.0	0.0	0.0	0.0	0.0	0.0	0.0	0.0	0.0	0.0	0.005267493983250407	0.0	0.006360419982367153	0.00705800970611442	0.0	0.0	0.0	0.0	0.0	0.0035407268703719465
arrêter	0.0	0.006671784748117277	0.0	0.0	0.0	0.0	0.0	0.0	0.0	0.004994448549753248	0.0	0.0	0.0	0.0	0.0	0.0	0.0	0.0	0.0	0.0	0.0	0.0	0.0	0.0	0.0
conduire	0.0	0.006495089078989057	0.0	0.0	0.0	0.0	0.0	0.0	0.0	0.0	0.0	0.0	0.0	0.0	0.0	0.0	0.0	0.0	0.0	0.0035602392480774707	0.0	0.0	0.0	0.0	0.0
gens	0.0	0.006190441373595574	0.0	0.0	0.003573075734000983	0.0	0.0	0.0	0.0	0.0	0.0	0.0	0.0	0.0	0.0	0.0	0.003290520011845872	0.0	0.0	0.0	0.004621298485947672	0.0	0.0031496955564192255	0.0	0.006809090135330666
voyage	0.0	0.005958909117496527	0.0	0.0	0.0	0.0	0.0	0.0	0.0	0.0	0.0	0.0	0.0	0.0	0.0	0.0	0.0	0.0	0.0	0.0	0.0	0.0	0.0	0.0	0.0
chemin	0.0	0.005508030513514172	0.0	0.0	0.0	0.0025541942341125	0.0	0.0	0.0	0.0	0.0	0.0	0.0	0.0	0.0	0.0	0.0	0.0	0.0	0.0	0.0	0.0	0.0	0.0	0.0
voir	0.0	0.005471472788866954	0.02187609488041601	0.0	0.006740696065562138	0.008700739068460644	0.008746618876781673	0.008677027843374156	0.0	0.020828150123097376	0.006541158859039654	0.0	0.005266976768291893	0.0	0.007977996305102437	0.0	0.0	0.012675040360900879	0.019401420248813757	0.014320073420044939	0.026159093264492787	0.009723432952983169	0.006833786759942998	0.003617037801373587	0.005186256986410191
quitter	0.0	0.0053739855231410396	0.0	0.0	0.0	0.0	0.0	0.0	0.0	0.0	0.0	0.0	0.0	0.0	0.0	0.0	0.0	0.0	0.004620672510511355	0.0	0.0	0.0	0.0	0.0	0.0
demander	0.0	0.005343520752601691	0.0	0.0	0.0	0.0	0.0	0.0	0.003633720930232558	0.006323825933256344	0.0	0.003623568559266143	0.0	0.0	0.0	0.0	0.0	0.004511260977592544	0.005469146877938586	0.0	0.008112004070134446	0.0	0.0	0.0	0.0
attendre	0.0	0.00520338280812069	0.0	0.003380289277345328	0.0	0.0	0.0	0.0	0.0	0.0052506693303725595	0.0	0.005088734336590923	0.0	0.0	0.0	0.0	0.0	0.0	0.004307223381143333	0.0	0.0	0.0	0.0	0.0	0.0
nuit	0.0	0.005099802588286905	0.0	0.0	0.0	0.0	0.0	0.0	0.0	0.0	0.0	0.0	0.0	0.0	0.0	0.005319390475696224	0.0	0.0	0.0	0.0	0.0	0.0	0.0	0.0	0.0
revenir	0.0	0.0050754307718554265	0.0	0.0	0.0	0.0	0.0	0.0	0.0	0.0	0.0	0.0	0.0	0.0	0.0	0.0	0.0	0.004797508501551462	0.006231152520022914	0.0	0.0	0.0	0.0	0.0	0.0
paraître	0.0	0.005063244863639687	0.0	0.00801303633474291	0.006679877755196164	0.003336931176824395	0.0	0.013004558185512658	0.0	0.00946902884897456	0.0	0.0	0.0	0.00473721247479056	0.0	0.0	0.0	0.0	0.0053448480852581635	0.013370676287224279	0.0	0.0	0.0	0.0	0.0
aventure	0.0	0.00483171260754064	0.0	0.0	0.0	0.0	0.0	0.0	0.0	0.0	0.0	0.0	0.0	0.0	0.0	0.0	0.0	0.0	0.0	0.0	0.0	0.0	0.0	0.0	0.0
heure	0.0	0.004697667617167507	0.004339568133063698	0.009588709025776389	0.0	0.0	0.0	0.0	0.0	0.005614577105744915	0.0	0.0	0.0	0.0	0.0	0.007907728036431338	0.0	0.0	0.007820015348198749	0.0	0.0	0.0	0.0	0.0	0.0
mettre	0.0	0.0045392508103628965	0.0050341449022367835	0.0	0.0	0.0	0.0	0.004624086989950025	0.0034368943798449613	0.0	0.009665294433506354	0.008761016847532825	0.0035631454152036173	0.0	0.0	0.014822935654836429	0.003027278410898202	0.0	0.0	0.0	0.0	0.0	0.007845899727944035	0.0	0.0
offrir	0.0	0.004514878993931418	0.0	0.0	0.0	0.0	0.0	0.0	0.0	0.0	0.0	0.0	0.0	0.0	0.0	0.0	0.0	0.0	0.0	0.0	0.0	0.0	0.0	0.0	0.0
apprendre	0.0	0.004393019911774025	0.0	0.0	0.0	0.0	0.0	0.0	0.0	0.0	0.0	0.004575364230469453	0.0	0.0	0.0	0.0	0.0	0.005816549686845209	0.0	0.005126744517231558	0.0	0.0	0.0	0.0	0.004244332851022782
argent	0.0	0.004356462187126806	0.0	0.0	0.0	0.0	0.0	0.0	0.0	0.0	0.0	0.0	0.0	0.0	0.0	0.0	0.0	0.0	0.0	0.0	0.0	0.0	0.0	0.0	0.0036428632224019064
lendemain	0.0	0.004246789013185153	0.0	0.0	0.0	0.0	0.0	0.0	0.0	0.0	0.0	0.0	0.0	0.0	0.0	0.0	0.0	0.0	0.0	0.0	0.0	0.0	0.0	0.0	0.0
lieu	0.0	0.004137115839243499	0.0	0.0	0.0	0.005149585149420362	0.0	0.0	0.0	0.0	0.0	0.003589843515798309	0.0	0.0	0.0030072820963158724	0.0	0.0	0.0	0.0	0.0	0.0	0.0	0.0	0.0	0.0
entrer	0.0	0.004094465160488411	0.0	0.0	0.0	0.0	0.0	0.0	0.0	0.007504669530893171	0.0	0.0	0.0	0.0	0.0	0.0054685928914779474	0.0	0.0	0.0	0.0	0.0	0.0	0.0	0.0	0.0
monter	0.0	0.004051814481733323	0.0	0.0	0.0	0.0	0.0	0.0	0.0	0.0	0.0	0.0	0.0	0.0	0.0	0.003554909732538452	0.0	0.0	0.0	0.0	0.0	0.0	0.0	0.0	0.0
courir	0.0	0.003996977894762496	0.0	0.0	0.0	0.0	0.0	0.0	0.0	0.0	0.0	0.0	0.0	0.0	0.0	0.0	0.0	0.0	0.0	0.0	0.0	0.0	0.0	0.0	0.0
fort	0.0	0.003911676537252322	0.0	0.0	0.0033196661074760907	0.0	0.0	0.0	0.0	0.0	0.0	0.004620330955093231	0.0	0.0	0.0	0.0	0.0	0.0	0.005112463385899112	0.0	0.01108923204477148	0.0	0.007408666925767586	0.0	0.0
remettre	0.0	0.0038568399502814945	0.004364154921353011	0.0	0.0	0.0	0.0	0.0	0.0	0.0	0.0	0.0	0.0	0.0	0.0	0.0	0.0	0.0	0.0	0.0	0.0	0.0	0.0	0.0	0.0
lieue	0.0	0.0038020033633106676	0.0	0.0	0.0	0.0	0.0	0.0	0.0	0.0	0.0	0.0	0.0	0.0	0.0	0.0	0.0	0.0	0.0	0.0	0.0	0.0	0.0	0.0	0.0
envoyer	0.0	0.0037471667763398406	0.006238897528413107	0.0	0.0	0.0	0.0	0.0	0.0	0.0	0.0	0.0	0.0	0.0	0.0	0.0	0.0	0.0	0.0	0.0	0.0	0.0	0.0	0.0	0.0
jeune	0.0	0.0037227949599083618	0.0	0.00655856923532739	0.01137809223096767	0.0	0.0	0.0	0.0	0.0	0.0058252111232243685	0.0	0.0	0.0	0.006958999892301193	0.0	0.0	0.01920720885764338	0.0	0.005395740371530745	0.0	0.0	0.0	0.0	0.0
près	0.0	0.003716702005800492	0.0	0.0	0.0	0.0	0.0	0.0	0.0	0.004233212897188626	0.0	0.0	0.0	0.0	0.0	0.0	0.0	0.0	0.0	0.0	0.0	0.0	0.0	0.0	0.0
chercher	0.0	0.0037106090516926225	0.0	0.0	0.0	0.0	0.0	0.004788840683178648	0.0	0.0	0.0	0.0	0.0	0.004265456875641293	0.0	0.0	0.0	0.0	0.0	0.0	0.0	0.0	0.0	0.0	0.0
répondre	0.0	0.003649679510613926	0.0	0.00728580278503515	0.0	0.0	0.0	0.0	0.0030735222868217052	0.010014890512033093	0.0	0.0	0.0	0.0	0.0	0.0	0.0	0.0	0.0	0.006313490933257382	0.013006529174007669	0.0	0.0	0.0	0.0
pays	0.0	0.003649679510613926	0.0	0.0	0.0	0.0026613056052204433	0.0	0.0	0.0027707122093023257	0.0	0.0	0.0	0.0	0.0	0.0	0.0	0.0	0.0	0.0	0.0	0.0	0.0	0.0	0.0	0.004732317644054814
reconnaître	0.0	0.003631400648290317	0.0	0.0	0.0	0.0	0.0	0.0	0.0	0.0	0.0	0.0	0.0	0.0	0.0	0.0	0.0	0.0	0.0	0.0029906009683850756	0.0	0.0	0.0	0.0	0.0
lettre	0.0	0.0	0.04605105446588276	0.0	0.0	0.0	0.004784561014019332	0.0	0.0	0.0	0.0	0.0	0.0	0.0	0.0	0.0	0.0	0.0	0.0	0.0	0.0	0.0	0.0	0.0	0.0
ami	0.0	0.0	0.025785394218416732	0.0	0.0	0.0	0.013160050420111874	0.0	0.0	0.0	0.0	0.0	0.0034400549372238564	0.0	0.0	0.0	0.0	0.007511135028682002	0.02140641381770231	0.004699515807462262	0.0	0.0040854031408163	0.003441184091203524	0.0	0.0
écrire	0.0	0.0	0.02539200560578773	0.0	0.0	0.0	0.0	0.0	0.0	0.0	0.0	0.0	0.0	0.0	0.0	0.0	0.00592293602132257	0.0	0.0	0.0	0.0	0.0	0.0	0.0	0.0
cher	0.0	0.0	0.024162666191322093	0.0	0.0	0.0	0.005222560659607405	0.0	0.003694282945736434	0.0	0.0	0.0	0.0	0.0	0.0	0.0	0.0	0.004974981966405991	0.0	0.010253489034463116	0.0	0.0	0.00459904132659671	0.0	0.0
sœur	0.0	0.0	0.018169636545802115	0.0	0.0	0.0	0.0	0.0	0.0	0.0	0.0	0.0	0.0	0.0	0.0	0.0	0.0	0.006503543744346612	0.0	0.0	0.0	0.0	0.0	0.0	0.0
aimer	0.0	0.0	0.012551555421694153	0.0	0.00791651673263764	0.0	0.023341034548475862	0.007095392388379373	0.0	0.0	0.0	0.0	0.0	0.004135724085875244	0.005144689206094096	0.0	0.0	0.0	0.005036803251224073	0.0	0.007984812368686344	0.0	0.0	0.0	0.0
adieu	0.0	0.0	0.012545408724621825	0.0	0.0	0.0	0.0	0.0	0.0	0.0	0.0	0.0	0.0	0.0	0.0	0.0	0.0	0.0	0.0	0.0	0.0	0.0	0.0	0.0	0.0
bon	0.0	0.0	0.012520821936332511	0.0	0.0	0.0	0.0	0.0	0.007267441860465116	0.0	0.0	0.0	0.0	0.0	0.0	0.005702127107484123	0.0	0.008833598589372202	0.0	0.0	0.015870697858468612	0.0	0.016655331001425053	0.0	0.009107158056004766
frère	0.0	0.0	0.011568083890121643	0.0	0.0	0.0	0.0	0.0	0.004299903100775194	0.0	0.0	0.0	0.0	0.0	0.0	0.0	0.0	0.009514867696394426	0.0	0.0	0.0	0.0	0.0	0.0	0.0
mère	0.0	0.0	0.011494323525253704	0.0	0.0	0.0	0.0	0.0	0.0	0.0	0.0	0.0	0.0	0.0	0.0	0.0	0.0	0.03862051593253718	0.0	0.0	0.0	0.0	0.0	0.0	0.0
croire	0.0	0.0	0.010756719876574323	0.0	0.0034260981506165455	0.0	0.009231427644799005	0.023768466143116042	0.0	0.0053286495679523505	0.0	0.004867647940524012	0.0056686404332784825	0.0	0.0	0.0	0.0	0.0	0.010084415093116009	0.0	0.02236689623983644	0.0	0.0	0.0	0.0
parler	0.0	0.0	0.010031409622039597	0.0032590836857273684	0.0	0.0	0.004082424177580437	0.0	0.0	0.008187924945878002	0.0	0.0	0.0	0.0	0.0	0.0	0.004957716817847781	0.004660109690051181	0.013137841956787254	0.0	0.0172792281819124	0.0	0.0	0.0	0.0
cousin	0.0	0.0	0.009594994129904296	0.0	0.0	0.0	0.0	0.0	0.0	0.0	0.0	0.0	0.0	0.0	0.0	0.0	0.0	0.0	0.0	0.0	0.0	0.0	0.0	0.0	0.0
lire	0.0	0.0	0.008820510298790945	0.0	0.0	0.0	0.0	0.0	0.0	0.0	0.0	0.0	0.0	0.0	0.0	0.0	0.011878777242763598	0.0	0.0	0.0	0.0	0.0	0.0	0.0	0.0
ici	0.0	0.0	0.008574642415897817	0.0	0.0	0.002727220295133024	0.0	0.0	0.0	0.0	0.0	0.0	0.0	0.0	0.0	0.0	0.0	0.005203979985573125	0.0	0.0	0.006434957932522447	0.0	0.0	0.0	0.0
petit	0.0	0.0	0.008316481138860033	0.0	0.00473369182348499	0.005215499839332944	0.0	0.0	0.0	0.0	0.008086955106822656	0.0	0.0	0.0	0.0	0.014900780393505154	0.0	0.003675418207632504	0.0044855651271630695	0.0	0.0	0.0	0.019691669905428165	0.0	0.004363491928391069
fille	0.0	0.0	0.007935385920375687	0.0	0.0	0.0	0.0	0.0	0.0	0.0	0.017735978000878665	0.0	0.008234105132225087	0.0	0.0	0.0	0.0	0.03884378900122514	0.0	0.004857748662932372	0.0	0.0	0.0	0.0	0.0
puis	0.0	0.0	0.007664931249193246	0.0	0.0	0.0	0.005540193990377382	0.0	0.0	0.0	0.003726182534129554	0.0	0.0	0.0	0.0	0.0	0.0	0.0	0.0	0.0	0.00531849744203356	0.0	0.0	0.0	0.0
encore	0.0	0.0	0.007425210063372447	0.0	0.0	0.0039054453773204032	0.007255413976535256	0.017057499038936788	0.0	0.0061047385991035985	0.0034170232845729532	0.006374033215420589	0.004042550434703741	0.006231105205429907	0.00702527608175168	0.0037949310101003547	0.0	0.0	0.010614036035841287	0.0	0.009553510019879592	0.0067699727206096015	0.007918771861640108	0.002879206470725294	0.0
cœur	0.0	0.0	0.007412916669227791	0.0	0.0	0.0	0.023544988581917635	0.0	0.0	0.0	0.0	0.0	0.0	0.023171062511548185	0.007986280828783748	0.0	0.0	0.0	0.0	0.0	0.0	0.005898246572728416	0.0	0.0	0.0
chère	0.0	0.0	0.007117875209756037	0.0	0.0	0.0	0.0	0.0	0.0	0.0	0.0	0.0	0.0	0.0	0.0	0.0	0.0	0.0	0.005307018017920643	0.0075002373492832055	0.0	0.0	0.0	0.0	0.0
présent	0.0	0.0	0.006675313020548408	0.0	0.0	0.0	0.0	0.0	0.0	0.0	0.0	0.0	0.0	0.0	0.0	0.0	0.0	0.0	0.0	0.0	0.0	0.0	0.0	0.0	0.0
beau	0.0	0.0	0.0064663253200892504	0.005561989926468607	0.009188633057792599	0.0	0.0	0.0	0.006888929263565892	0.0	0.00750117968661015	0.0	0.0	0.0	0.01860704018822438	0.0	0.004628664816663193	0.0	0.0	0.0	0.006774135803050717	0.0	0.010963207669387227	0.0	0.0
lettrer	0.0	0.0	0.006411005046438297	0.0	0.0	0.0	0.0	0.0	0.0	0.0	0.0	0.0	0.0	0.0	0.0	0.0	0.0	0.0	0.0	0.0	0.0	0.0	0.0	0.0	0.0
maman	0.0	0.0	0.0060483499191709336	0.0	0.0	0.0	0.0	0.0	0.0	0.0	0.0	0.0	0.0	0.0	0.0	0.0	0.0	0.0	0.0	0.0	0.0	0.0	0.0	0.0	0.0
réponse	0.0	0.0	0.005820922127494791	0.0	0.0	0.0	0.0	0.0	0.0	0.0	0.0	0.0	0.0	0.0	0.0	0.0	0.0	0.0	0.0	0.0	0.0	0.0	0.0	0.0	0.0
voilà	0.0	0.0	0.0057041348831205554	0.0	0.0	0.0	0.0	0.0	0.0	0.0	0.0	0.0	0.005370631907643271	0.0	0.0	0.004456611288784519	0.0	0.00616004671559591	0.0	0.0	0.010552200416435053	0.0	0.00473668869024485	0.0	0.0
chose	0.0	0.0	0.005581200941673991	0.0	0.0	0.0	0.0	0.0	0.0	0.0	0.0	0.0	0.0	0.0	0.0	0.0	0.0	0.0	0.007085031182784076	0.0	0.01817899169956378	0.0	0.0	0.00644631583619035	0.0
hier	0.0	0.0	0.005353773149997848	0.0	0.0	0.0	0.0	0.0	0.0	0.0	0.0	0.0	0.0	0.0	0.0	0.0	0.0	0.0	0.0	0.0	0.0	0.0	0.0	0.0	0.0
aimable	0.0	0.0	0.005261572693912926	0.0	0.006674809562665667	0.0	0.0	0.0	0.0	0.0	0.0	0.0	0.0	0.0	0.0	0.0	0.0	0.0	0.0	0.0	0.0	0.0	0.0	0.0	0.0
prier	0.0	0.0	0.005120198661249378	0.003838177067902066	0.0	0.0	0.0	0.0	0.003679142441860465	0.0	0.0	0.0	0.0	0.0	0.0	0.0	0.0	0.0	0.0	0.0	0.0	0.0	0.0	0.0	0.0
jamais	0.0	0.0	0.005095611872960065	0.0	0.005123942648333325	0.0	0.01196641779816575	0.005546707672030315	0.0	0.0	0.0	0.0	0.009154044493968566	0.006451257818366232	0.0	0.0	0.0	0.004047539988779097	0.00495033452588117	0.0	0.011371880270211703	0.0	0.0	0.0	0.0062984083751808665
toujours	0.0	0.0	0.00500955811394747	0.0	0.005123942648333325	0.0	0.005336239956935608	0.005612609149321764	0.0	0.0	0.0	0.0	0.0	0.007379043830026457	0.0030984118568102926	0.0	0.0	0.0	0.0085171694462759	0.0	0.0101517820970614	0.0	0.0	0.00452684485570682	0.006678582574403495
penser	0.0	0.0	0.004493235559871903	0.0	0.0	0.0	0.0	0.006897687956505025	0.0	0.0	0.0	0.0	0.0	0.0038330142430877978	0.0	0.0	0.0	0.0	0.007149882726791254	0.0	0.00857366283835348	0.0	0.0	0.0	0.0
amitié	0.0	0.0	0.004480942165727246	0.0	0.0	0.0	0.005189125572157934	0.0	0.0	0.0	0.0	0.0	0.0	0.004627136168322398	0.0	0.0	0.0	0.0	0.0	0.0	0.0	0.0	0.0	0.0	0.0
billet	0.0	0.0	0.004388741709642324	0.0	0.0	0.0	0.0	0.0	0.0	0.0	0.0	0.0	0.0	0.0	0.0	0.0	0.0	0.0	0.0	0.0	0.0	0.0	0.0	0.0	0.0
pauvre	0.0	0.0	0.004364154921353011	0.0	0.0	0.0	0.0	0.0	0.0	0.0	0.0	0.0	0.0	0.0	0.0	0.0038792628103248073	0.0	0.005564651865761361	0.0	0.0	0.0	0.0	0.003441184091203524	0.0	0.003342128408091469
tant	0.0	0.0	0.004235074282834119	0.0	0.0	0.0	0.0	0.00684277005876215	0.0	0.0	0.0	0.0	0.0	0.0037819073865132937	0.0	0.0	0.0	0.0	0.0	0.0	0.007410094310291222	0.0	0.0033521181500194325	0.0	0.0
dieu	0.0	0.0	0.0041859007062554935	0.0	0.0	0.0	0.0	0.0	0.026692708333333332	0.0	0.0	0.0	0.0	0.0	0.004539918977358397	0.0	0.0	0.0	0.0	0.0	0.0	0.008196827957688755	0.0	0.009808163854031444	0.0
comte	0.0	0.0	0.0	0.06994909365152045	0.0	0.0	0.0	0.0	0.0	0.0	0.0	0.0	0.0	0.0	0.0	0.0	0.0	0.0	0.0	0.0	0.0	0.0	0.0	0.0	0.0
chevalier	0.0	0.0	0.0	0.03756026611361004	0.0	0.0	0.0	0.0	0.0	0.0	0.0	0.0	0.0	0.0	0.0	0.0	0.0	0.0	0.0	0.0	0.0	0.0	0.0	0.0	0.0
marquise	0.0	0.0	0.0	0.03225415465833491	0.0	0.0	0.0	0.0	0.0	0.0	0.0	0.0	0.0	0.0	0.0	0.0	0.0	0.0	0.0	0.0	0.0	0.0	0.0	0.0	0.0
marquis	0.0	0.0	0.0	0.02271931478438872	0.0	0.0	0.0	0.0	0.0	0.0	0.0	0.0	0.0	0.0	0.0	0.0	0.0	0.0	0.0	0.0	0.0	0.0	0.0	0.0	0.0
duc	0.0	0.0	0.0	0.014234923371131521	0.0	0.0	0.0	0.0	0.0	0.0	0.007680166620563971	0.0	0.0	0.0	0.0	0.0	0.0	0.0	0.0	0.0	0.0	0.0	0.0	0.0	0.0
duchesse	0.0	0.0	0.0	0.012255232041371508	0.0	0.0	0.0	0.0	0.0	0.0	0.0	0.0	0.0	0.0	0.0	0.0	0.0	0.0	0.0	0.0	0.0	0.0	0.0	0.0	0.0
dame	0.0	0.0	0.0	0.010868101381743744	0.0	0.0	0.0	0.0	0.0	0.0	0.0	0.0	0.0	0.0	0.0	0.0	0.0	0.0	0.0	0.003370359821513339	0.0	0.0	0.008347907760072548	0.0	0.0
vicomte	0.0	0.0	0.0	0.010275540711611495	0.0	0.0	0.0	0.0	0.0	0.0	0.0	0.0	0.0	0.0	0.0	0.0	0.0	0.0	0.0	0.0	0.0	0.0	0.0	0.0	0.0
femme	0.0	0.0	0.0	0.010248606135696394	0.041969702345052685	0.0	0.0	0.008018013070459663	0.0	0.0	0.007680166620563971	0.0	0.010430298397232408	0.0	0.0	0.007940163344209973	0.0	0.012274293827358394	0.004301819085809401	0.0	0.0	0.0	0.0	0.0	0.0
baron	0.0	0.0	0.0	0.009696447329436798	0.0	0.0	0.0	0.0	0.0	0.0	0.0	0.0	0.0	0.0	0.0	0.0	0.0	0.0	0.0	0.0	0.0	0.0	0.0	0.0	0.0
château	0.0	0.0	0.0	0.007178064481374741	0.0	0.0	0.0	0.0	0.0	0.0	0.0	0.0	0.0	0.0	0.0	0.0	0.0	0.0	0.0	0.0	0.0	0.0	0.0	0.0	0.0
baron|baronne	0.0	0.0	0.0	0.00631615805209147	0.0	0.0	0.0	0.0	0.0	0.0	0.0	0.0	0.0	0.0	0.0	0.0	0.0	0.0	0.0	0.0	0.0	0.0	0.0	0.0	0.0
connaître	0.0	0.0	0.0	0.0052791768793600344	0.005686512019218586	0.0	0.00569399539264495	0.0	0.0	0.0	0.0	0.003897116134060795	0.0	0.0	0.0	0.0	0.003136962411293065	0.005868074241157814	0.0	0.0	0.004616587682190336	0.0	0.0	0.003078920214359418	0.0
moment	0.0	0.0	0.0	0.004915560104506155	0.0	0.0	0.003948683827782551	0.0	0.0	0.009379908577454799	0.0	0.0036910186462018107	0.0	0.0	0.0	0.0	0.0	0.0	0.010927485165209309	0.0	0.0	0.004258880981190665	0.0	0.0	0.0
reprendre	0.0	0.0	0.0	0.004821289088803297	0.0	0.0	0.0	0.0	0.0	0.006253272384969867	0.0	0.0	0.0	0.0	0.0	0.0	0.0	0.0	0.0	0.0032595968226842623	0.0073676970764751885	0.0	0.0	0.0	0.0
adélaïde	0.0	0.0	0.0	0.004242195706628599	0.0	0.0	0.0	0.0	0.0	0.0	0.0	0.0	0.0	0.0	0.0	0.0	0.0	0.0	0.0	0.003924174815658724	0.0	0.0	0.0	0.0	0.0
appartement	0.0	0.0	0.0	0.003932448083604924	0.0	0.0	0.0	0.0	0.0	0.0	0.0	0.0	0.0	0.0	0.0	0.0	0.0	0.0	0.0	0.0	0.0	0.0	0.0	0.0	0.0
permettre	0.0	0.0	0.0	0.0037708406281143103	0.0	0.0	0.0	0.003492778296446812	0.0	0.0	0.0	0.004118202530127705	0.0035631454152036173	0.0	0.0	0.0	0.0	0.0	0.0	0.0	0.0	0.0	0.0	0.0	0.0
portail	0.0	0.0	0.0	0.0035688313087510436	0.0	0.0	0.0	0.0	0.0	0.0	0.0	0.0	0.0	0.0	0.0	0.0	0.0	0.0	0.0	0.0	0.0	0.0	0.0	0.0	0.0
maître|maîtresse	0.0	0.0	0.0	0.0033533547014302258	0.0	0.0	0.0	0.0	0.0	0.0	0.0	0.0	0.0	0.0	0.0	0.0	0.0	0.0	0.0	0.0036077091047185036	0.0	0.0	0.0	0.0	0.0
écuyer	0.0	0.0	0.0	0.003326420125515124	0.0	0.0	0.0	0.0	0.0	0.0	0.0	0.0	0.0	0.0	0.0	0.0	0.0	0.0	0.0	0.0	0.0	0.0	0.0	0.0	0.0
charmant	0.0	0.0	0.0	0.003326420125515124	0.0038011443978733864	0.0	0.0	0.0	0.0	0.0	0.0	0.0	0.0	0.0	0.005177827300819339	0.0	0.0	0.0	0.0	0.0	0.0	0.0	0.0	0.0	0.0
amant	0.0	0.0	0.0	0.003312952837557573	0.0033044615298845974	0.0	0.007325627660179145	0.0	0.0	0.0	0.0	0.0	0.0	0.0	0.009021846288947618	0.0	0.0	0.0	0.0	0.003338713250419317	0.0	0.0	0.0	0.0	0.0
commandeur	0.0	0.0	0.0	0.0032456163977698173	0.0	0.0	0.0	0.0	0.0	0.0	0.0	0.0	0.0	0.0	0.0	0.0	0.0	0.0	0.0	0.0	0.0	0.0	0.0	0.0	0.0
moi|mois	0.0	0.0	0.0	0.003191747245939613	0.0	0.0	0.0	0.0	0.0	0.0	0.0	0.0	0.0	0.0	0.0	0.0	0.0	0.0	0.0	0.0	0.0	0.0	0.0	0.0	0.0
soir	0.0	0.0	0.0	0.0031648126700245106	0.0	0.0	0.0	0.0	0.0	0.0	0.0033356655873212166	0.0	0.0	0.0	0.0	0.003243530777863551	0.0	0.0	0.004826035733200748	0.0	0.0	0.0	0.0	0.0	0.0
assurer	0.0	0.0	0.0	0.003110943518194306	0.0	0.0	0.0	0.0	0.0	0.0	0.0	0.0047664728101205105	0.0	0.0	0.0	0.0	0.0	0.0	0.0	0.0	0.0	0.0	0.0	0.0	0.0
vif	0.0	0.0	0.0	0.003084008942279204	0.0	0.0	0.0	0.0	0.0	0.0	0.0	0.0	0.0	0.0058654946160892245	0.0	0.0	0.0	0.0	0.0	0.0	0.0	0.0	0.0	0.0	0.0
sancerre	0.0	0.0	0.0	0.0030570743663641017	0.0	0.0	0.0	0.0	0.0	0.0	0.0	0.0	0.0	0.0	0.0	0.0	0.0	0.0	0.0	0.0	0.0	0.0	0.0	0.0	0.0
seigneur	0.0	0.0	0.0	0.002976270638618795	0.0	0.0	0.0	0.0	0.0	0.0	0.0	0.0	0.0	0.0	0.0	0.0	0.0	0.0	0.0	0.0	0.0	0.0	0.0	0.0	0.0
plaisir	0.0	0.0	0.0	0.0	0.011028386946363319	0.0	0.0	0.0	0.0	0.0	0.009486307499552532	0.0	0.0	0.012179157051370253	0.01176402362746154	0.0	0.0	0.0	0.0	0.0	0.0	0.0	0.002785334887938852	0.0	0.0
monde	0.0	0.0	0.0	0.0	0.010055293980507732	0.0	0.0	0.0	0.00675266472868217	0.0	0.0	0.0	0.0	0.0	0.0	0.0	0.0	0.0	0.0	0.0	0.0076550561056727496	0.0	0.0	0.004027560496621509	0.0
esprit	0.0	0.0	0.0	0.0	0.009690384118311886	0.0	0.0	0.0	0.0	0.0	0.0	0.0	0.0	0.004713624694833097	0.0	0.0	0.010156738436564259	0.0	0.0	0.0	0.0	0.0	0.0	0.00824373952889747	0.0
mari	0.0	0.0	0.0	0.0	0.009274792330811063	0.0	0.0	0.0	0.0	0.0	0.0	0.0	0.0	0.0	0.0	0.0	0.0	0.004757433848197213	0.0	0.0	0.0	0.0	0.0	0.0	0.0
goût	0.0	0.0	0.0	0.0	0.008783177655352772	0.0	0.0	0.0	0.0	0.0	0.0	0.0	0.0	0.0	0.0	0.0	0.005462263219664147	0.0	0.0	0.0	0.0	0.0	0.0	0.0	0.0
plaire	0.0	0.0	0.0	0.0	0.0076479025285212535	0.0	0.0	0.0035696633532868362	0.0	0.0	0.0	0.0	0.0	0.0	0.0	0.0	0.0	0.0	0.0	0.0	0.004682538934793055	0.0	0.0	0.0	0.0
point	0.0	0.0	0.0	0.0	0.007252583511142421	0.0030155970635005643	0.026219795577875335	0.014410456367730244	0.00946281492248062	0.0	0.0	0.009229420229030517	0.0	0.0	0.0	0.0	0.005067400818242643	0.0	0.009371048109037062	0.014889711699737334	0.01083013783811794	0.0047749775563044015	0.0	0.009846997081960301	0.011274718415751695
personne	0.0	0.0	0.0	0.0	0.0071157423128189795	0.0	0.0	0.0	0.003891109496124031	0.0	0.0	0.0	0.0	0.0	0.0	0.0	0.0	0.0	0.005474551173272517	0.007041362068419887	0.0	0.0	0.0	0.0	0.0
beaucoup	0.0	0.0	0.0	0.0	0.006624127637360688	0.0	0.0	0.0052281838651216436	0.0	0.0	0.0	0.0	0.0	0.0	0.0	0.0	0.0	0.0	0.008165890249570358	0.0	0.006496198381367829	0.0	0.0	0.0	0.0
caractère	0.0	0.0	0.0	0.0	0.005666239249096595	0.0	0.0	0.0	0.0	0.0	0.0	0.0	0.0	0.0	0.0	0.0	0.0	0.0	0.0	0.0	0.0	0.0	0.0	0.0	0.0
grâce	0.0	0.0	0.0	0.0	0.005569943591017135	0.0	0.0	0.0	0.0028766957364341084	0.0	0.0	0.0	0.0	0.0	0.0038440189881282774	0.0	0.0	0.0	0.0	0.0	0.0	0.0	0.0	0.0	0.0
air	0.0	0.0	0.0	0.0	0.005438170585224191	0.004333890861752177	0.0	0.0	0.0	0.006108451943750255	0.0	0.0	0.0	0.0	0.004978998732467876	0.0	0.0	0.0	0.0	0.0	0.004329228652992774	0.0	0.0	0.0	0.0
assez	0.0	0.0	0.0	0.0	0.0053418749271447324	0.0	0.0037948824255149838	0.00407490801252128	0.0	0.0	0.0	0.005973079920858565	0.0	0.0	0.0	0.0	0.0	0.0	0.004777397075195366	0.0	0.007706874947003458	0.0	0.004914820572613033	0.0	0.0
amour	0.0	0.0	0.0	0.0	0.005093533493150338	0.0	0.02179633350831029	0.010214728980174639	0.0	0.0	0.0	0.0	0.0	0.007359387346728571	0.016320511652182557	0.0	0.0	0.0	0.0	0.0	0.0	0.0	0.0	0.0	0.0
moins	0.0	0.0	0.0	0.0	0.004860396636747436	0.0	0.00484474417142838	0.026338623757482565	0.0	0.0	0.0	0.007666826548354218	0.0	0.0	0.0	0.0	0.0	0.0	0.0	0.0	0.010142360489546726	0.0	0.0040241611607721205	0.0030678250063797445	0.006962294663375606
beauté	0.0	0.0	0.0	0.0	0.004748896401076484	0.0	0.0	0.0	0.0	0.0	0.0	0.0	0.0	0.0	0.0081768248734539	0.0	0.0	0.0	0.0	0.0	0.0	0.0	0.0	0.0	0.0
société	0.0	0.0	0.0	0.0	0.004723555438423995	0.0	0.0	0.0	0.0	0.0	0.0	0.0	0.0	0.0	0.0	0.0	0.0	0.0	0.0	0.0	0.0	0.0	0.0	0.00361149019738375	0.0
souvent	0.0	0.0	0.0	0.0	0.004551236892387068	0.0	0.0	0.0	0.0	0.0	0.0	0.0	0.0	0.004705762101513943	0.0	0.0	0.0	0.0	0.0	0.0	0.0	0.0	0.0	0.0	0.0
âge	0.0	0.0	0.0	0.0	0.004541100507326072	0.0	0.0	0.0	0.0	0.0	0.0	0.0	0.0	0.0	0.0	0.0	0.0	0.004379587116571442	0.0	0.0	0.0	0.0	0.0	0.0	0.00413652225721338
figure	0.0	0.0	0.0	0.0	0.004470145811899103	0.0	0.0	0.0	0.0	0.0	0.0	0.0	0.0	0.0	0.0	0.0	0.0	0.0	0.0	0.0	0.0	0.0	0.0	0.0	0.0
joli	0.0	0.0	0.0	0.0	0.004378918346350141	0.0	0.0	0.0	0.0	0.0	0.005239435703011862	0.0	0.0	0.0	0.0	0.0	0.0	0.0	0.0	0.0	0.0	0.0	0.008615105583624822	0.0	0.0
œil	0.0	0.0	0.0	0.0	0.0039227810186053345	0.0	0.004406744525840308	0.0	0.0	0.018362489277717334	0.0	0.0	0.0	0.0	0.012426785521966414	0.0	0.0	0.0	0.0	0.005015981518402481	0.0	0.007099580617320895	0.0	0.0	0.0
manière	0.0	0.0	0.0	0.0	0.003872099093300356	0.0	0.0	0.0	0.0	0.0	0.0	0.0	0.0	0.0	0.0	0.0	0.0	0.0	0.0	0.0	0.0	0.0	0.0	0.0	0.0
sexe	0.0	0.0	0.0	0.0	0.0037910080128123907	0.0	0.0	0.0	0.0	0.0	0.0	0.0	0.0	0.0	0.0	0.0	0.0	0.0	0.0	0.0	0.0	0.0	0.0	0.0	0.0
devenir	0.0	0.0	0.0	0.0	0.003512257423635009	0.0	0.0	0.0	0.0	0.0	0.0	0.0	0.00824706202464401	0.005550990883323046	0.0	0.0	0.0	0.0	0.0	0.0	0.0	0.0	0.0	0.0	0.0034385905183419866
cependant	0.0	0.0	0.0	0.0	0.00348691646098252	0.0	0.0	0.004986545115052996	0.0	0.004764221181660534	0.0	0.006272858085017087	0.0	0.0	0.0	0.0	0.0	0.0	0.007301202996141333	0.0	0.0	0.0	0.003441184091203524	0.0	0.0
ridicule	0.0	0.0	0.0	0.0	0.003476780075921524	0.0	0.0	0.0	0.0	0.0	0.0	0.0	0.0	0.0	0.0	0.0	0.0	0.0	0.0	0.0	0.0	0.0	0.0	0.0	0.0
presque	0.0	0.0	0.0	0.0	0.0033804844178420648	0.0	0.0	0.0	0.0	0.0	0.0	0.0	0.0	0.0	0.0	0.0	0.0	0.0	0.0	0.0	0.0	0.0	0.0	0.0	0.0
naturel	0.0	0.0	0.0	0.0	0.003355143455189576	0.0	0.0	0.0	0.0	0.0	0.0	0.0	0.0	0.0	0.0	0.0	0.0	0.0	0.0	0.0	0.0	0.0	0.0	0.0032508959380443585	0.0
mieux	0.0	0.0	0.0	0.0	0.0033247343000065888	0.0	0.0	0.0	0.0	0.0	0.0	0.0	0.0	0.0	0.0	0.0	0.0	0.0	0.0	0.0	0.010575754435221737	0.0	0.0	0.0	0.0036144920135046956
défaut	0.0	0.0	0.0	0.0	0.0033247343000065888	0.0	0.0	0.0	0.0	0.0	0.0	0.0	0.0	0.0	0.0	0.0	0.0	0.0	0.0	0.0	0.0	0.0	0.0	0.0	0.0
terre	0.0	0.0	0.0	0.0	0.0	0.012729774489367136	0.0	0.0	0.00496608527131783	0.0	0.0	0.0	0.0	0.0	0.0	0.0	0.0	0.0	0.0	0.0	0.0	0.0	0.0	0.0	0.004261355576361109
eau	0.0	0.0	0.0	0.0	0.0	0.0078108907546408065	0.0	0.0	0.0	0.0	0.0	0.0	0.0	0.0	0.0	0.0045733783967876074	0.0	0.0	0.0	0.0	0.0	0.0	0.0	0.0	0.0
montagne	0.0	0.0	0.0	0.0	0.0	0.0076625827023375	0.0	0.0	0.0	0.0	0.0	0.0	0.0	0.0	0.0	0.0	0.0	0.0	0.0	0.0	0.0	0.0	0.0	0.0	0.0
arbre	0.0	0.0	0.0	0.0	0.0	0.007118786510558709	0.0	0.0	0.0	0.0	0.0	0.0	0.0	0.0	0.0	0.0	0.0	0.0	0.0	0.0	0.0	0.0	0.0	0.0	0.0
mer	0.0	0.0	0.0	0.0	0.0	0.006649144344931572	0.0	0.0	0.0	0.0	0.0	0.0	0.0	0.0	0.0	0.0	0.0	0.0	0.0	0.0	0.0	0.0	0.0	0.0	0.0
soleil	0.0	0.0	0.0	0.0	0.0	0.006253656205456089	0.0	0.0	0.0	0.0	0.0	0.0	0.0	0.0	0.0	0.0	0.0	0.0	0.0	0.0	0.0	0.0	0.0	0.0	0.0
pied	0.0	0.0	0.0	0.0	0.0	0.005833450057263387	0.0	0.0	0.0	0.0	0.0	0.0	0.0	0.0	0.0	0.005273981044806134	0.0	0.0	0.0	0.0	0.0	0.003742784406076929	0.002696268946754761	0.0	0.0
là	0.0	0.0	0.0	0.0	0.0	0.005437961917787903	0.0	0.0	0.0	0.0	0.01044632832712303	0.0	0.004923619119190453	0.0	0.0	0.005786458907708575	0.0	0.004608585135738576	0.0	0.0	0.020553236793261667	0.0	0.008323617048840524	0.0	0.0
vent	0.0	0.0	0.0	0.0	0.0	0.005289653865484596	0.0	0.0	0.0	0.0	0.0	0.0	0.0	0.0	0.0	0.0	0.0	0.0	0.0	0.0	0.0	0.0	0.0	0.0	0.0
bord	0.0	0.0	0.0	0.0	0.0	0.0048529690448137494	0.0	0.0	0.0	0.0	0.0	0.0	0.0	0.0	0.0	0.0	0.0	0.0	0.0	0.0	0.0	0.0	0.0	0.0	0.0
rocher	0.0	0.0	0.0	0.0	0.0	0.0046634643113150805	0.0	0.0	0.0	0.0	0.0	0.0	0.0	0.0	0.0	0.0	0.0	0.0	0.0	0.0	0.0	0.0	0.0	0.0	0.0
couvrir	0.0	0.0	0.0	0.0	0.0	0.004515156259011774	0.0	0.0	0.0	0.0	0.0	0.0	0.0	0.0	0.0	0.0	0.0	0.0	0.0	0.0	0.0	0.0	0.0	0.0	0.0
bois	0.0	0.0	0.0	0.0	0.0	0.004506916922772702	0.0	0.0	0.0	0.0	0.0	0.0	0.0	0.0	0.0	0.0	0.0	0.0	0.0	0.0	0.0	0.0	0.0	0.0	0.0
tour	0.0	0.0	0.0	0.0	0.0	0.0044986775865336285	0.0	0.0	0.0	0.0	0.0	0.0	0.0	0.0	0.0	0.0	0.0	0.0	0.0	0.0	0.0	0.0	0.004339940406788444	0.0	0.0
apercevoir	0.0	0.0	0.0	0.0	0.0	0.004457480905338266	0.0	0.0	0.0	0.0067879940140884295	0.0	0.0	0.0	0.0	0.0	0.0	0.0	0.0	0.0	0.0038292351023766573	0.0	0.0	0.0	0.0	0.0
milieu	0.0	0.0	0.0	0.0	0.0	0.004416284224142903	0.0	0.0	0.0	0.0	0.0	0.0	0.0	0.0	0.0	0.0	0.0	0.0	0.0	0.0	0.0	0.0	0.0	0.0	0.0
élever	0.0	0.0	0.0	0.0	0.0	0.004358608870469395	0.0	0.0	0.0	0.0	0.0	0.0	0.0	0.0	0.0	0.0	0.0	0.0	0.0	0.0	0.0	0.0	0.0	0.0	0.0
vaste	0.0	0.0	0.0	0.0	0.0	0.004160864800731653	0.0	0.0	0.0	0.0	0.0	0.0	0.0	0.0	0.0	0.0	0.0	0.0	0.0	0.0	0.0	0.0	0.0	0.0	0.0
forêt	0.0	0.0	0.0	0.0	0.0	0.003996078075950201	0.0	0.0	0.0	0.0	0.0	0.0	0.0	0.0	0.0	0.0	0.0	0.0	0.0	0.0	0.0	0.0	0.0	0.0	0.0
côté	0.0	0.0	0.0	0.0	0.0	0.003996078075950201	0.0	0.0	0.0	0.0	0.0	0.0	0.0	0.0	0.0	0.004527968965897518	0.0	0.0	0.0	0.0	0.0	0.0	0.0	0.0	0.0
autour	0.0	0.0	0.0	0.0	0.0	0.0036582652901482257	0.0	0.0	0.0	0.0	0.0	0.0	0.0	0.0	0.0	0.0	0.0	0.0	0.0	0.0	0.0	0.0	0.0	0.0	0.0
haut	0.0	0.0	0.0	0.0	0.0	0.0034275638754541933	0.0	0.0	0.0	0.0	0.0	0.0	0.0	0.0	0.0	0.0	0.0	0.0	0.0	0.0	0.0	0.0	0.0	0.0	0.0
animal	0.0	0.0	0.0	0.0	0.0	0.003361649185541613	0.0	0.0	0.0	0.0	0.0	0.0	0.0	0.0	0.0	0.0	0.0	0.0	0.0	0.0	0.0	0.0	0.0	0.0	0.0
île	0.0	0.0	0.0	0.0	0.0	0.003279255823150887	0.0	0.0	0.0	0.0	0.0	0.0	0.0	0.0	0.0	0.0	0.0	0.0	0.0	0.0	0.0	0.0	0.0	0.0	0.0
nature	0.0	0.0	0.0	0.0	0.0	0.0032627771506727418	0.0	0.0	0.0	0.0	0.0	0.0	0.0	0.0	0.004912722543017389	0.0	0.0	0.0	0.0	0.0	0.0	0.0	0.0	0.017291881636321272	0.0
loin	0.0	0.0	0.0	0.0	0.0	0.0029744003823052017	0.0	0.0	0.0	0.0	0.0	0.0	0.0	0.0	0.0	0.0	0.0	0.0	0.0	0.0	0.0	0.0	0.0	0.0	0.0
vaisseau	0.0	0.0	0.0	0.0	0.0	0.0029167250286316936	0.0	0.0	0.0	0.0	0.0	0.0	0.0	0.0	0.0	0.0	0.0	0.0	0.0	0.0	0.0	0.0	0.0	0.0	0.0
vue	0.0	0.0	0.0	0.0	0.0	0.0029002463561535485	0.0	0.0	0.0	0.0	0.0	0.0	0.0	0.0	0.0	0.0	0.0	0.0	0.0	0.0	0.0	0.0	0.0	0.0	0.0
pierre	0.0	0.0	0.0	0.0	0.0	0.002768416976328387	0.0	0.0	0.0	0.0	0.0	0.0	0.0	0.0	0.0	0.0	0.0	0.0	0.0	0.0	0.0	0.0	0.0	0.0	0.0
feu	0.0	0.0	0.0	0.0	0.0	0.002727220295133024	0.0	0.0	0.0	0.0	0.0	0.0	0.0	0.0	0.005012136827193121	0.0	0.0	0.0	0.0	0.0	0.0	0.0	0.0	0.0	0.0
sembler	0.0	0.0	0.0	0.0	0.0	0.0027189809588939514	0.0	0.004195727387555605	0.0	0.0	0.0	0.0	0.0	0.005004540647641812	0.005418078487577357	0.0	0.0	0.0	0.0	0.0	0.0	0.0	0.0	0.0	0.0
noir	0.0	0.0	0.0	0.0	0.0	0.0027025022864158063	0.0	0.0	0.0	0.0	0.0	0.0	0.0	0.0	0.0	0.0	0.0	0.0	0.0	0.0	0.0	0.0	0.0	0.0	0.0
travers	0.0	0.0	0.0	0.0	0.0	0.002669544941459516	0.0	0.0	0.0	0.0	0.0	0.0	0.0	0.0	0.0	0.0	0.0	0.0	0.0	0.0	0.0	0.0	0.0	0.0	0.0
habiter	0.0	0.0	0.0	0.0	0.0	0.0026201089240250807	0.0	0.0	0.0	0.0	0.0	0.0	0.0	0.0	0.0	0.0	0.0	0.0	0.0	0.0	0.0	0.0	0.0	0.0	0.0
étendre	0.0	0.0	0.0	0.0	0.0	0.00258715157906879	0.0	0.0	0.0	0.0	0.0	0.0	0.0	0.0	0.0	0.0	0.0	0.0	0.0	0.0	0.0	0.0	0.0	0.0	0.0
lumière	0.0	0.0	0.0	0.0	0.0	0.002570672906590645	0.0	0.0	0.0	0.0	0.0	0.0	0.0	0.0	0.0	0.0	0.0	0.0	0.0	0.0	0.0	0.0	0.0	0.0039887272686926515	0.0
traverser	0.0	0.0	0.0	0.0	0.0	0.0025047582166780645	0.0	0.0	0.0	0.0	0.0	0.0	0.0	0.0	0.0	0.0	0.0	0.0	0.0	0.0	0.0	0.0	0.0	0.0	0.0
sauvage	0.0	0.0	0.0	0.0	0.0	0.0024635615354827015	0.0	0.0	0.0	0.0	0.0	0.0	0.0	0.0	0.0	0.0	0.0	0.0	0.0	0.0	0.0	0.0	0.0	0.0	0.0
seul	0.0	0.0	0.0	0.0	0.0	0.0	0.011648784467395774	0.0045581855126585755	0.0	0.0069662345571279505	0.0	0.005894388152766952	0.0037769341401158348	0.005307250490429258	0.0	0.0	0.0	0.0	0.004328840562479059	0.0	0.0	0.0	0.0	0.005469937533979075	0.003835787442902942
âme	0.0	0.0	0.0	0.0	0.0	0.0	0.009662740272897184	0.0	0.0	0.0	0.0	0.0	0.0	0.012745263770349374	0.0034463618514253523	0.0	0.0	0.0	0.0	0.0	0.0	0.004701249474145296	0.0	0.005397818682111196	0.0
vertu	0.0	0.0	0.0	0.0	0.0	0.0	0.008973977471438077	0.0	0.0	0.0	0.0	0.0	0.006186916130035372	0.0	0.0	0.0	0.0	0.0	0.0	0.0	0.0	0.0	0.0	0.007184147166838642	0.0033818481005475644
sentiment	0.0	0.0	0.0	0.0	0.0	0.0	0.006951154680745067	0.006271623922236257	0.0	0.0	0.0	0.0	0.0	0.015170873809308524	0.0	0.0	0.0	0.0	0.0	0.0	0.0	0.0	0.0	0.0	0.0
bonheur	0.0	0.0	0.0	0.0	0.0	0.0	0.006713765559853822	0.0	0.0	0.0	0.0	0.0	0.0	0.012926103416689927	0.003628621372414193	0.0	0.0	0.0	0.0	0.0	0.0	0.0	0.0	0.0	0.0
oser	0.0	0.0	0.0	0.0	0.0	0.0	0.005403110131834549	0.0	0.0	0.0	0.0	0.0	0.005616812863602793	0.0	0.0	0.0	0.0	0.0	0.0	0.0	0.0	0.0	0.0	0.0	0.0
larme	0.0	0.0	0.0	0.0	0.0	0.0	0.005169064519688251	0.0	0.0	0.0	0.0	0.0	0.0	0.0	0.0	0.0	0.0	0.0046658346405303594	0.0	0.0	0.0	0.009532607328571367	0.0	0.0	0.0
adorer	0.0	0.0	0.0	0.0	0.0	0.0	0.0049918585562060535	0.0	0.0	0.0	0.0	0.0	0.0	0.0	0.0	0.0	0.0	0.0	0.0	0.0	0.0	0.0	0.0	0.0	0.0
vie	0.0	0.0	0.0	0.0	0.0	0.0	0.004975141012481318	0.0	0.004436167635658915	0.0	0.0	0.0	0.0	0.0069937767573878895	0.0	0.0	0.0	0.0	0.005398891038597477	0.0	0.0	0.0122562094224489	0.0	0.0	0.007365165829716004
malheureux	0.0	0.0	0.0	0.0	0.0	0.0	0.004734408382845125	0.0	0.0	0.0	0.0	0.0	0.008402544733671077	0.0	0.0	0.0	0.0	0.0	0.0	0.0	0.0	0.009502248706505853	0.0	0.0	0.0
cruel	0.0	0.0	0.0	0.0	0.0	0.0	0.004654164172966394	0.0	0.0	0.0	0.0	0.0	0.0039648090801902075	0.0	0.0	0.0	0.0	0.0	0.0	0.0	0.0	0.005655377596204305	0.0	0.0	0.0
craindre	0.0	0.0	0.0	0.0	0.0	0.0	0.004644133646731553	0.005799330001647537	0.0	0.0	0.0	0.0038708855446969244	0.0	0.0	0.0	0.0	0.0	0.0	0.0	0.0	0.0	0.0	0.0	0.0	0.0
héler	0.0	0.0	0.0	0.0	0.0	0.0	0.004614042068027029	0.0	0.0	0.0	0.0	0.0	0.0	0.0	0.0	0.0	0.0	0.0	0.0	0.0	0.0	0.0038338602722734704	0.0	0.0	0.0
heureux	0.0	0.0	0.0	0.0	0.0	0.0	0.004460240665759461	0.0	0.0	0.0	0.0	0.0	0.0	0.011911828878519002	0.005724605863785861	0.0	0.0	0.0	0.0	0.0	0.0	0.0	0.0	0.0	0.003552075353930831
digne	0.0	0.0	0.0	0.0	0.0	0.0	0.004369965929645889	0.0	0.0	0.0	0.0	0.0	0.0	0.0	0.0	0.0	0.0	0.0	0.0	0.0	0.0	0.0	0.0	0.0	0.0
oublier	0.0	0.0	0.0	0.0	0.0	0.0	0.004262973649807581	0.0	0.0	0.0	0.0	0.0	0.0	0.0	0.0	0.0	0.0	0.0	0.0	0.0	0.0	0.0	0.0	0.0	0.0
foi|fois	0.0	0.0	0.0	0.0	0.0	0.0	0.004219508036123269	0.0	0.0	0.004946175069346711	0.0053533364791642935	0.0	0.0	0.0	0.0	0.0	0.0	0.0	0.00590689479998703	0.0	0.004611876878432998	0.0	0.0030687265189791426	0.0	0.0
laisser	0.0	0.0	0.0	0.0	0.0	0.0	0.004052332598875912	0.004283596023944203	0.0	0.0	0.0	0.007258378799688231	0.003258658443358945	0.003817289056449489	0.0	0.0033019143318650953	0.0	0.0	0.004998973183886553	0.0	0.006020407201876785	0.0037818169201611607	0.0032144707863712915	0.0	0.0
plaindre	0.0	0.0	0.0	0.0	0.0	0.0	0.003975431897742129	0.0034708111373496623	0.0	0.0	0.0	0.0	0.0	0.0	0.0	0.0	0.0	0.0	0.0	0.0	0.0	0.0	0.0	0.0	0.0
perdre	0.0	0.0	0.0	0.0	0.0	0.0	0.003925279266567922	0.0	0.0	0.0	0.0	0.0	0.0031420464115886446	0.0	0.0	0.0	0.0	0.0	0.0	0.0	0.0	0.0039032514084232166	0.003028242000259101	0.0	0.0
mériter	0.0	0.0	0.0	0.0	0.0	0.0	0.003908561722843186	0.0	0.0	0.0	0.0	0.0	0.0	0.0	0.0	0.0	0.0	0.0	0.0	0.0	0.0	0.0	0.0	0.0	0.0
passion	0.0	0.0	0.0	0.0	0.0	0.0	0.0038717831266487676	0.0	0.0	0.0	0.0	0.0	0.0	0.007622784222920246	0.0	0.0	0.0	0.0	0.0	0.0	0.0	0.0	0.0	0.0031510390662272962	0.0
tendre	0.0	0.0	0.0	0.0	0.0	0.0	0.0038617526004139265	0.0	0.0	0.0	0.0	0.0	0.0	0.007394769016664767	0.005608622532247509	0.0	0.0	0.0	0.0	0.0	0.0	0.0	0.0	0.0	0.0
malheur	0.0	0.0	0.0	0.0	0.0	0.0	0.0038115999692397195	0.0	0.0	0.0	0.0	0.0	0.0033363997978724785	0.0	0.0	0.0	0.0	0.004797508501551462	0.0	0.0	0.0	0.005837529328597388	0.0	0.0	0.0
sentir	0.0	0.0	0.0	0.0	0.0	0.0	0.003774821373045301	0.004975561535504421	0.0	0.0	0.0	0.0	0.0	0.011329996972901572	0.0	0.0	0.0	0.0	0.0	0.0	0.005111222076710728	0.0	0.0	0.0	0.0
tendresse	0.0	0.0	0.0	0.0	0.0	0.0	0.0037346992681059356	0.0	0.0	0.0	0.0	0.0	0.0	0.0	0.0	0.0	0.0	0.003841441771528676	0.0	0.0	0.0	0.0	0.0	0.0	0.0
pardonner	0.0	0.0	0.0	0.0	0.0	0.0	0.003661142075717099	0.0	0.0	0.0	0.0	0.0	0.0	0.0	0.0	0.0	0.0	0.0	0.0	0.0	0.0	0.0	0.0	0.0	0.0
désir	0.0	0.0	0.0	0.0	0.0	0.0	0.0	0.00873194574111703	0.0	0.0	0.0	0.0	0.0	0.0068915630442388815	0.0029492904305466958	0.0	0.0	0.0	0.0	0.0	0.0	0.0	0.0	0.0	0.0
autant	0.0	0.0	0.0	0.0	0.0	0.0	0.0	0.007743423581745291	0.0	0.0	0.0	0.003825918820073146	0.0	0.0	0.0	0.0	0.0	0.0	0.0	0.0	0.0	0.0	0.0	0.0	0.0
flatter	0.0	0.0	0.0	0.0	0.0	0.0	0.0	0.006073919490361909	0.0	0.0	0.0	0.0	0.0	0.0	0.0	0.0	0.0	0.0	0.0	0.0	0.0	0.0	0.0	0.0	0.0
combien	0.0	0.0	0.0	0.0	0.0	0.0	0.0	0.005832280740293261	0.0	0.0	0.0	0.0	0.0	0.0	0.0	0.0	0.0	0.0	0.0	0.0	0.0	0.0	0.0	0.0	0.0
façon	0.0	0.0	0.0	0.0	0.0	0.0	0.0	0.005700477785710363	0.0	0.0	0.0	0.0	0.0	0.0	0.0	0.0	0.0	0.0	0.0	0.0	0.0	0.0	0.0	0.0	0.0
effet	0.0	0.0	0.0	0.0	0.0	0.0	0.0	0.0054149047174474165	0.0	0.0	0.0	0.0051524371964746084	0.0	0.0	0.0	0.0	0.0	0.0	0.0	0.0	0.0	0.0	0.0	0.0033618480178410942	0.0
long	0.0	0.0	0.0	0.0	0.0	0.0	0.0	0.005370970399253117	0.0	0.0	0.0	0.0	0.0	0.0048669452645566085	0.0	0.0	0.0	0.0	0.0	0.0031646571094021965	0.0	0.0	0.0	0.0	0.0
inspirer	0.0	0.0	0.0	0.0	0.0	0.0	0.0	0.005030479433247296	0.0	0.0	0.0	0.0	0.0	0.004202556129088057	0.0	0.0	0.0	0.0	0.0	0.0	0.0	0.0	0.0	0.0	0.0
douter	0.0	0.0	0.0	0.0	0.0	0.0	0.0	0.004525234774012851	0.0	0.0	0.0	0.0	0.0	0.0	0.0	0.0	0.0	0.0	0.0	0.0	0.0	0.0	0.0	0.0	0.0
doute	0.0	0.0	0.0	0.0	0.0	0.0	0.0	0.004426382558075677	0.0	0.0	0.0	0.0	0.0	0.0	0.0	0.0	0.0	0.0	0.0	0.0038608816734706794	0.0	0.0	0.0	0.0	0.0
égard	0.0	0.0	0.0	0.0	0.0	0.0	0.0	0.004272612444395628	0.0	0.0	0.0	0.0	0.0	0.0	0.0	0.0	0.0	0.0	0.0	0.0	0.0	0.0	0.0	0.0	0.0
idée	0.0	0.0	0.0	0.0	0.0	0.0	0.0	0.004228678126201329	0.0	0.0	0.0	0.0	0.0	0.008656715244389056	0.0	0.0	0.0	0.0	0.0	0.0	0.0	0.0	0.0	0.005281318998324624	0.0
ignorer	0.0	0.0	0.0	0.0	0.0	0.0	0.0	0.004228678126201329	0.0	0.0	0.0	0.0	0.0	0.0	0.0	0.0	0.0	0.0	0.0	0.0	0.0	0.0	0.0	0.0	0.0
prouver	0.0	0.0	0.0	0.0	0.0	0.0	0.0	0.004019990114778407	0.0	0.0	0.0	0.0	0.0	0.0	0.0	0.0	0.0	0.0	0.0	0.0	0.0	0.0	0.0	0.0	0.0
ailleurs	0.0	0.0	0.0	0.0	0.0	0.0	0.0	0.003932121478389807	0.0	0.0	0.0	0.0	0.0	0.0	0.0	0.0	0.0	0.0	0.0	0.0	0.0	0.0	0.0	0.0	0.0
vanité	0.0	0.0	0.0	0.0	0.0	0.0	0.0	0.003855236421549783	0.0	0.0	0.0	0.0	0.0	0.0	0.0	0.0	0.0	0.0	0.0	0.0	0.0	0.0	0.0	0.0	0.0
propre	0.0	0.0	0.0	0.0	0.0	0.0	0.0	0.003800318523806909	0.0	0.0	0.0	0.0	0.0	0.0	0.0	0.0	0.0	0.0	0.0	0.0	0.0	0.0	0.0	0.0031288486502679493	0.0031662269129287598
tromper	0.0	0.0	0.0	0.0	0.0	0.0	0.0	0.003789334944258334	0.0	0.0	0.0	0.0	0.0	0.0	0.0	0.0	0.0	0.0	0.0	0.0	0.0	0.0	0.0	0.0	0.0
crainte	0.0	0.0	0.0	0.0	0.0	0.0	0.0	0.0035147454555439616	0.0	0.0	0.0	0.0	0.0	0.0	0.0	0.0	0.0	0.0	0.0	0.0	0.0	0.0	0.0	0.0	0.0
vrai	0.0	0.0	0.0	0.0	0.0	0.0	0.0	0.0033719589214124884	0.0	0.0	0.0	0.0	0.0	0.0	0.0	0.0	0.0	0.0	0.0	0.0	0.006303055427317009	0.0	0.0	0.003899965604855263	0.0
saint	0.0	0.0	0.0	0.0	0.0	0.0	0.0	0.0	0.03338481104651163	0.0	0.004198057178189629	0.0	0.0	0.0	0.0	0.0	0.0	0.005129555629343806	0.0	0.0	0.0	0.0	0.0029391760590750096	0.0	0.0
père	0.0	0.0	0.0	0.0	0.0	0.0	0.0	0.0	0.016730256782945735	0.0	0.0	0.0	0.0	0.0	0.0	0.0	0.0	0.06184091507608459	0.005777191711972676	0.0	0.0	0.0	0.0	0.0	0.0
curé	0.0	0.0	0.0	0.0	0.0	0.0	0.0	0.0	0.008387839147286821	0.0	0.0	0.0	0.0	0.0	0.0	0.0	0.0	0.0	0.0	0.0	0.0	0.0	0.0	0.0	0.0
religion	0.0	0.0	0.0	0.0	0.0	0.0	0.0	0.0	0.00813045058139535	0.0	0.0	0.0	0.0	0.0	0.0	0.0	0.0	0.0	0.0	0.0	0.0	0.0	0.0	0.006424125420231002	0.0
prêtre	0.0	0.0	0.0	0.0	0.0	0.0	0.0	0.0	0.008085029069767442	0.0	0.0	0.0	0.0	0.0	0.0	0.0	0.0	0.0	0.0	0.0	0.0	0.0	0.0	0.0	0.0
église	0.0	0.0	0.0	0.0	0.0	0.0	0.0	0.0	0.0075399709302325585	0.0	0.0	0.0	0.0	0.0	0.0	0.0	0.0	0.0	0.0	0.0	0.0	0.0	0.0	0.0	0.0
religieux	0.0	0.0	0.0	0.0	0.0	0.0	0.0	0.0	0.007464268410852713	0.0	0.0	0.0	0.0	0.0	0.0	0.0	0.0	0.0	0.0	0.0	0.0	0.0	0.0	0.0	0.0
moine	0.0	0.0	0.0	0.0	0.0	0.0	0.0	0.0	0.006207606589147287	0.0	0.0	0.0	0.0	0.0	0.0	0.0	0.0	0.0	0.0	0.0	0.0	0.0	0.0	0.0	0.0
compère	0.0	0.0	0.0	0.0	0.0	0.0	0.0	0.0	0.006086482558139535	0.0	0.0	0.0	0.0	0.0	0.0	0.0	0.0	0.0	0.0	0.0	0.0	0.0	0.0	0.0	0.0
supérieur	0.0	0.0	0.0	0.0	0.0	0.0	0.0	0.0	0.005859375	0.0	0.0	0.0	0.0	0.0	0.0	0.0	0.0	0.0	0.0	0.0	0.0	0.0	0.0	0.0	0.0
ciel	0.0	0.0	0.0	0.0	0.0	0.0	0.0	0.0	0.005768531976744186	0.0	0.0	0.0	0.0	0.0	0.0	0.0	0.0	0.0	0.0	0.0	0.0	0.008313925499941451	0.0	0.0	0.0
couvent	0.0	0.0	0.0	0.0	0.0	0.0	0.0	0.0	0.005738250968992248	0.0	0.0	0.0	0.0	0.0	0.0	0.0	0.0	0.0	0.0	0.0	0.0	0.0	0.0	0.0	0.0
chrétien	0.0	0.0	0.0	0.0	0.0	0.0	0.0	0.0	0.004996366279069768	0.0	0.0	0.0	0.0	0.0	0.0	0.0	0.0	0.0	0.0	0.0	0.0	0.0	0.0	0.0	0.0
mourir	0.0	0.0	0.0	0.0	0.0	0.0	0.0	0.0	0.004572432170542636	0.0	0.0	0.0	0.0	0.0	0.0	0.0	0.0	0.004562785531905149	0.0	0.0	0.0	0.012004666553906071	0.0	0.0	0.0
révérend	0.0	0.0	0.0	0.0	0.0	0.0	0.0	0.0	0.004527010658914729	0.0	0.0	0.0	0.0	0.0	0.0	0.0	0.0	0.0	0.0	0.0	0.0	0.0	0.0	0.0	0.0
juif	0.0	0.0	0.0	0.0	0.0	0.0	0.0	0.0	0.0042242005813953485	0.0	0.0	0.0	0.0	0.0	0.0	0.0	0.0	0.0	0.0	0.0	0.0	0.0	0.0	0.0	0.0
livre	0.0	0.0	0.0	0.0	0.0	0.0	0.0	0.0	0.0041636385658914725	0.0	0.0	0.0	0.0	0.0	0.0	0.0	0.01365565804916037	0.0	0.0	0.0	0.0	0.0	0.0	0.0	0.0
prière	0.0	0.0	0.0	0.0	0.0	0.0	0.0	0.0	0.004012233527131783	0.0	0.0	0.0	0.0	0.0	0.0	0.0	0.0	0.0	0.0	0.0	0.0	0.0	0.0	0.0	0.0
dévot	0.0	0.0	0.0	0.0	0.0	0.0	0.0	0.0	0.003951671511627907	0.0	0.0	0.0	0.0	0.0	0.0	0.0	0.0	0.0	0.0	0.0	0.0	0.0	0.0	0.0	0.0
pieux	0.0	0.0	0.0	0.0	0.0	0.0	0.0	0.0	0.003361191860465116	0.0	0.0	0.0	0.0	0.0	0.0	0.0	0.0	0.0	0.0	0.0	0.0	0.0	0.0	0.0	0.0
fa	0.0	0.0	0.0	0.0	0.0	0.0	0.0	0.0	0.0032703488372093025	0.0	0.0	0.0	0.0	0.0	0.0	0.0	0.0	0.0	0.0	0.0	0.0	0.0	0.0	0.0	0.0
prieur	0.0	0.0	0.0	0.0	0.0	0.0	0.0	0.0	0.0032400678294573645	0.0	0.0	0.0	0.0	0.0	0.0	0.0	0.0	0.0	0.0	0.0	0.0	0.0	0.0	0.0	0.0
foi	0.0	0.0	0.0	0.0	0.0	0.0	0.0	0.0	0.0031643653100775194	0.0	0.0	0.0	0.0	0.0	0.0	0.0	0.0	0.0	0.0	0.0	0.0	0.0	0.0	0.0	0.0
religieuse	0.0	0.0	0.0	0.0	0.0	0.0	0.0	0.0	0.0031340843023255813	0.0	0.0	0.0	0.0	0.0	0.0	0.0	0.0	0.0	0.0	0.0	0.0	0.0	0.0	0.0	0.0
cellule	0.0	0.0	0.0	0.0	0.0	0.0	0.0	0.0	0.0030735222868217052	0.0	0.0	0.0	0.0	0.0	0.0	0.0	0.0	0.0	0.0	0.0	0.0	0.0	0.0	0.0	0.0
cérémonie	0.0	0.0	0.0	0.0	0.0	0.0	0.0	0.0	0.0030583817829457362	0.0	0.0	0.0	0.0	0.0	0.0	0.0	0.0	0.0	0.0	0.0	0.0	0.0	0.0	0.0	0.0
hermite	0.0	0.0	0.0	0.0	0.0	0.0	0.0	0.0	0.0030432412790697676	0.0	0.0	0.0	0.0	0.0	0.0	0.0	0.0	0.0	0.0	0.0	0.0	0.0	0.0	0.0	0.0
messe	0.0	0.0	0.0	0.0	0.0	0.0	0.0	0.0	0.0029675387596899225	0.0	0.0	0.0	0.0	0.0	0.0	0.0	0.0	0.0	0.0	0.0	0.0	0.0	0.0	0.0	0.0
docteur	0.0	0.0	0.0	0.0	0.0	0.0	0.0	0.0	0.0029069767441860465	0.0	0.0	0.0	0.0	0.0	0.0	0.0	0.0	0.0	0.0	0.0	0.0	0.0	0.0	0.0	0.0
jésuite	0.0	0.0	0.0	0.0	0.0	0.0	0.0	0.0	0.0028009932170542638	0.0	0.0	0.0	0.0	0.0	0.0	0.0	0.0	0.0	0.0	0.0	0.0	0.0	0.0	0.0	0.0
main	0.0	0.0	0.0	0.0	0.0	0.0	0.0	0.0	0.0	0.01719649905866713	0.003612281757977122	0.0	0.004372951191386258	0.0	0.004813308258841658	0.004664197258567786	0.0	0.0	0.0	0.0036710022469065478	0.0	0.0054775628098205804	0.00345737789869154	0.0	0.0
entendre	0.0	0.0	0.0	0.0	0.0	0.0	0.0	0.0	0.0	0.01310439325805146	0.0	0.0	0.0	0.0	0.0	0.0033862461320895475	0.0	0.0	0.007101244068785871	0.0	0.011244688568763603	0.0037037518919926966	0.0	0.0	0.0
mot	0.0	0.0	0.0	0.0	0.0	0.0	0.0	0.0	0.0	0.010854106402177505	0.0	0.0	0.0	0.0	0.0	0.0	0.00309308881113512	0.0	0.0	0.0	0.004998162786534638	0.0	0.0	0.0	0.0
regarder	0.0	0.0	0.0	0.0	0.0	0.0	0.0	0.0	0.0	0.009212808068355248	0.0	0.0	0.0	0.0	0.0	0.0	0.0	0.0	0.0	0.0	0.0	0.0	0.0	0.0	0.0
sortir	0.0	0.0	0.0	0.0	0.0	0.0	0.0	0.0	0.0	0.008993720734202503	0.0	0.0	0.0	0.0	0.0	0.006253527339720927	0.0	0.0	0.0	0.0	0.0	0.0	0.0	0.0	0.0
lever	0.0	0.0	0.0	0.0	0.0	0.0	0.0	0.0	0.0	0.008696653162469968	0.0	0.0	0.0	0.0	0.0	0.0032629919625307324	0.0	0.0	0.0	0.0	0.0	0.0	0.0	0.0	0.0
porte	0.0	0.0	0.0	0.0	0.0	0.0	0.0	0.0	0.0	0.00851469927478379	0.0	0.0	0.0	0.0	0.0	0.009652747594921927	0.0	0.0	0.0	0.0	0.0	0.0	0.0	0.0	0.0
voix	0.0	0.0	0.0	0.0	0.0	0.0	0.0	0.0	0.0	0.0077348968989858855	0.0	0.0	0.0	0.0	0.003363516614612243	0.0	0.0	0.0	0.0	0.0	0.0	0.0041591312229754054	0.0	0.0	0.0
bras	0.0	0.0	0.0	0.0	0.0	0.0	0.0	0.0	0.0	0.0073152889539136795	0.0	0.0	0.0	0.0	0.003462930898787974	0.0	0.0	0.0	0.0	0.0030222475394790973	0.0	0.007585318570369117	0.0	0.0	0.0
écrier	0.0	0.0	0.0	0.0	0.0	0.0	0.0	0.0	0.0	0.006613466815695565	0.0	0.0	0.0	0.0	0.0	0.0	0.0	0.0	0.0	0.004477989809804107	0.0	0.004393326307480798	0.0	0.0	0.0
instant	0.0	0.0	0.0	0.0	0.0	0.0	0.0	0.0	0.0	0.006505779820942521	0.003319394047870869	0.0	0.00444421409969033	0.004218281315726366	0.0	0.0	0.0	0.0	0.0	0.0	0.0	0.0	0.0	0.0	0.0
jeter	0.0	0.0	0.0	0.0	0.0	0.0	0.0	0.0	0.0	0.006438939617302701	0.0	0.0	0.0	0.0	0.0	0.0035808579787613604	0.0	0.0	0.0	0.0	0.0	0.004419347983536953	0.0	0.0	0.0
parole	0.0	0.0	0.0	0.0	0.0	0.0	0.0	0.0	0.0	0.005893077954244167	0.0	0.0	0.0	0.0	0.0	0.0	0.0	0.0	0.0	0.0	0.0	0.0	0.0	0.0	0.0
alors	0.0	0.0	0.0	0.0	0.0	0.0	0.0	0.0	0.0	0.005458616630585334	0.0	0.0035711073805384016	0.003394705813757628	0.0	0.0	0.0	0.0	0.0	0.0	0.0	0.0	0.0	0.0	0.0	0.0
rester	0.0	0.0	0.0	0.0	0.0	0.0	0.0	0.0	0.0	0.0053360762572456635	0.0	0.0	0.0	0.0	0.0	0.0	0.0	0.0	0.004853057209870405	0.0	0.0	0.0	0.0	0.0	0.0
genou	0.0	0.0	0.0	0.0	0.0	0.0	0.0	0.0	0.0	0.005094708855212979	0.0	0.0	0.0	0.0	0.0	0.0	0.0	0.0	0.0	0.0	0.0	0.0	0.0	0.0	0.0
mouvement	0.0	0.0	0.0	0.0	0.0	0.0	0.0	0.0	0.0	0.0049164683121734575	0.0	0.0	0.0	0.0	0.0	0.0	0.0	0.0	0.0	0.0	0.0	0.0	0.0	0.0	0.0
ouvrir	0.0	0.0	0.0	0.0	0.0	0.0	0.0	0.0	0.0	0.0049164683121734575	0.0	0.0	0.0	0.0	0.0	0.0	0.0	0.0	0.0	0.0	0.0	0.0	0.0	0.0	0.0
visage	0.0	0.0	0.0	0.0	0.0	0.0	0.0	0.0	0.0	0.004912754967526801	0.0	0.0	0.0	0.0	0.0	0.0	0.0	0.0	0.0	0.0	0.0	0.0	0.0	0.0	0.0
silence	0.0	0.0	0.0	0.0	0.0	0.0	0.0	0.0	0.0	0.0048162080067137274	0.0	0.0	0.0	0.0	0.0	0.0	0.0	0.0	0.0	0.0	0.0	0.0	0.0	0.0	0.0
regard	0.0	0.0	0.0	0.0	0.0	0.0	0.0	0.0	0.0	0.004775361215600503	0.0	0.0	0.0	0.0	0.003935148748622698	0.0	0.0	0.0	0.0	0.0	0.0	0.0	0.0	0.0	0.0
tomber	0.0	0.0	0.0	0.0	0.0	0.0	0.0	0.0	0.0	0.00475679449236722	0.0	0.0	0.0	0.0	0.0	0.0	0.0	0.0	0.0	0.0	0.0	0.007095243671311536	0.0	0.0	0.0
asseoir	0.0	0.0	0.0	0.0	0.0	0.0	0.0	0.0	0.0	0.004634254119027549	0.0	0.0	0.0	0.0	0.0	0.0	0.0	0.0	0.0	0.0	0.0	0.0	0.0	0.0	0.0
frapper	0.0	0.0	0.0	0.0	0.0	0.0	0.0	0.0	0.0	0.004511713745687878	0.0	0.0	0.0	0.0	0.0	0.0	0.0	0.0	0.0	0.0	0.0	0.0	0.0	0.0	0.0
tenir	0.0	0.0	0.0	0.0	0.0	0.0	0.0	0.0	0.0	0.004504287056394565	0.004100427941487544	0.0	0.0	0.0	0.0	0.003146224854527645	0.0	0.0	0.0	0.0	0.0060957800619941774	0.0	0.003805544759683897	0.0	0.0
chambre	0.0	0.0	0.0	0.0	0.0	0.0	0.0	0.0	0.0	0.004456013575988028	0.0	0.0	0.0	0.0	0.0	0.008296951729774963	0.0	0.0	0.004674715463850668	0.0	0.0	0.0	0.0	0.0	0.0
retirer	0.0	0.0	0.0	0.0	0.0	0.0	0.0	0.0	0.0	0.004378033338408238	0.0	0.0	0.0	0.0	0.0	0.0	0.0	0.0	0.0	0.0	0.0	0.0	0.0	0.0	0.0
foutre	0.0	0.0	0.0	0.0	0.0	0.0	0.0	0.0	0.0	0.0	0.017426818751322064	0.0	0.0	0.0	0.0	0.0	0.0	0.0	0.0	0.0	0.0	0.0	0.0	0.0	0.0
cul	0.0	0.0	0.0	0.0	0.0	0.0	0.0	0.0	0.0	0.0	0.014432855492458142	0.0	0.0	0.0	0.0	0.0	0.0	0.0	0.0	0.0	0.0	0.0	0.0	0.0	0.0
con	0.0	0.0	0.0	0.0	0.0	0.0	0.0	0.0	0.0	0.0	0.011552793009746652	0.0	0.0	0.0	0.0	0.0	0.0	0.0	0.0	0.0	0.0	0.0	0.0	0.0	0.0
décharger	0.0	0.0	0.0	0.0	0.0	0.0	0.0	0.0	0.0	0.0	0.008949346697691068	0.0	0.0	0.0	0.0	0.0	0.0	0.0	0.0	0.0	0.0	0.0	0.0	0.0	0.0
bouche	0.0	0.0	0.0	0.0	0.0	0.0	0.0	0.0	0.0	0.0	0.008152041264624045	0.0	0.0	0.0	0.002941005906865385	0.0	0.0	0.0	0.0	0.0	0.0	0.0	0.0	0.0	0.0
vit	0.0	0.0	0.0	0.0	0.0	0.0	0.0	0.0	0.0	0.0	0.007761524317815708	0.0	0.0	0.0	0.0	0.0	0.0	0.0	0.0	0.0	0.0	0.0	0.0	0.0	0.0
branler	0.0	0.0	0.0	0.0	0.0	0.0	0.0	0.0	0.0	0.0	0.005760124965422979	0.0	0.0	0.0	0.0	0.0	0.0	0.0	0.0	0.0	0.0	0.0	0.0	0.0	0.0
baiser	0.0	0.0	0.0	0.0	0.0	0.0	0.0	0.0	0.0	0.0	0.005727581886522284	0.0	0.0	0.0	0.0031729725699420914	0.0	0.0	0.0	0.0	0.0	0.0	0.0	0.0	0.0	0.0
fesse	0.0	0.0	0.0	0.0	0.0	0.0	0.0	0.0	0.0	0.0	0.005467237255316726	0.0	0.0	0.0	0.0	0.0	0.0	0.0	0.0	0.0	0.0	0.0	0.0	0.0	0.0
libertin	0.0	0.0	0.0	0.0	0.0	0.0	0.0	0.0	0.0	0.0	0.005092991847958735	0.0	0.0	0.0	0.0	0.0	0.0	0.0	0.0	0.0	0.0	0.0	0.0	0.0	0.0
ange	0.0	0.0	0.0	0.0	0.0	0.0	0.0	0.0	0.0	0.0	0.004783832598402135	0.0	0.0	0.0	0.0	0.0	0.0	0.0	0.006739156281412467	0.0	0.0	0.0	0.0	0.0	0.0
gros	0.0	0.0	0.0	0.0	0.0	0.0	0.0	0.0	0.0	0.0	0.004604845664448314	0.0	0.0	0.0	0.0	0.0	0.0	0.0	0.0	0.0	0.0	0.0	0.0	0.0	0.0
cuisse	0.0	0.0	0.0	0.0	0.0	0.0	0.0	0.0	0.0	0.0	0.0045723025855476185	0.0	0.0	0.0	0.0	0.0	0.0	0.0	0.0	0.0	0.0	0.0	0.0	0.0	0.0
enculer	0.0	0.0	0.0	0.0	0.0	0.0	0.0	0.0	0.0	0.0	0.0043445010332427555	0.0	0.0	0.0	0.0	0.0	0.0	0.0	0.0	0.0	0.0	0.0	0.0	0.0	0.0
placer	0.0	0.0	0.0	0.0	0.0	0.0	0.0	0.0	0.0	0.0	0.0042631433359910185	0.0	0.0	0.0	0.0	0.0	0.0	0.0	0.0	0.0	0.0	0.0	0.0	0.0	0.0
garçon	0.0	0.0	0.0	0.0	0.0	0.0	0.0	0.0	0.0	0.0	0.004084156402037196	0.0	0.0	0.0	0.0	0.0	0.0	0.0	0.0	0.0	0.0	0.0	0.0	0.0	0.0
coup	0.0	0.0	0.0	0.0	0.0	0.0	0.0	0.0	0.0	0.0	0.00400279870478546	0.0	0.0	0.0	0.0	0.004047926410773712	0.0	0.0	0.0	0.0	0.0	0.006848037748778065	0.005635445005829771	0.0	0.0
évêque	0.0	0.0	0.0	0.0	0.0	0.0	0.0	0.0	0.0	0.0	0.0037587256130302486	0.0	0.0	0.0	0.0	0.0	0.0	0.0	0.0	0.0	0.0	0.0	0.0	0.0	0.0
volupté	0.0	0.0	0.0	0.0	0.0	0.0	0.0	0.0	0.0	0.0	0.0037099109946792065	0.0	0.0	0.0	0.0037860273223591008	0.0	0.0	0.0	0.0	0.0	0.0	0.0	0.0	0.0	0.0
bander	0.0	0.0	0.0	0.0	0.0	0.0	0.0	0.0	0.0	0.0	0.0037099109946792065	0.0	0.0	0.0	0.0	0.0	0.0	0.0	0.0	0.0	0.0	0.0	0.0	0.0	0.0
langue	0.0	0.0	0.0	0.0	0.0	0.0	0.0	0.0	0.0	0.0	0.0036610963763281643	0.0	0.0	0.0	0.0	0.0	0.003334393612003817	0.0	0.0	0.0	0.0	0.0	0.0	0.0	0.0
téton	0.0	0.0	0.0	0.0	0.0	0.0	0.0	0.0	0.0	0.0	0.0035797386790764273	0.0	0.0	0.0	0.0	0.0	0.0	0.0	0.0	0.0	0.0	0.0	0.0	0.0	0.0
ainsi	0.0	0.0	0.0	0.0	0.0	0.0	0.0	0.0	0.0	0.0	0.0033844802056722588	0.0	0.0	0.0	0.0	0.0	0.0	0.003887241375362103	0.0	0.0	0.0	0.0	0.0	0.0	0.0
sucer	0.0	0.0	0.0	0.0	0.0	0.0	0.0	0.0	0.0	0.0	0.003286850968970174	0.0	0.0	0.0	0.0	0.0	0.0	0.0	0.0	0.0	0.0	0.0	0.0	0.0	0.0
vieux	0.0	0.0	0.0	0.0	0.0	0.0	0.0	0.0	0.0	0.0	0.0032217648111687847	0.0	0.0	0.0	0.0	0.0	0.0	0.0040074653354248485	0.0	0.0	0.0	0.0	0.0	0.0	0.0
vivre	0.0	0.0	0.0	0.0	0.0	0.0	0.0	0.0	0.0	0.0	0.003156678653367395	0.0	0.0	0.0	0.0	0.0	0.0	0.0	0.0	0.0	0.0	0.006913091938918452	0.0	0.0	0.006440264419666922
doigt	0.0	0.0	0.0	0.0	0.0	0.0	0.0	0.0	0.0	0.0	0.0031404071139170477	0.0	0.0	0.0	0.0	0.0	0.0	0.0	0.0	0.0	0.0	0.0	0.0	0.0	0.0
servir	0.0	0.0	0.0	0.0	0.0	0.0	0.0	0.0	0.0	0.0	0.0030590494166653106	0.003968313448048444	0.004748701071535003	0.0	0.0	0.0051701880599145005	0.0	0.0	0.0	0.0	0.0	0.0	0.0	0.0	0.004789060061849235
trou	0.0	0.0	0.0	0.0	0.0	0.0	0.0	0.0	0.0	0.0	0.0030590494166653106	0.0	0.0	0.0	0.0	0.0	0.0	0.0	0.0	0.0	0.0	0.0	0.0	0.0	0.0
moyen	0.0	0.0	0.0	0.0	0.0	0.0	0.0	0.0	0.0	0.0	0.0	0.00696234786258169	0.004567304577670092	0.0	0.0	0.0	0.0	0.0	0.0	0.0	0.0	0.0	0.0	0.0	0.0
état	0.0	0.0	0.0	0.0	0.0	0.0	0.0	0.0	0.0	0.0	0.0	0.0052498650998261285	0.0	0.004072823339322009	0.0	0.0	0.0	0.0	0.0	0.0	0.0	0.005043868208884667	0.0	0.0	0.0077453400289386335
soin	0.0	0.0	0.0	0.0	0.0	0.0	0.0	0.0	0.0	0.0	0.0	0.00508123988248696	0.0	0.004450227818641422	0.0	0.0	0.0	0.0	0.0	0.0	0.0	0.0	0.0	0.0	0.003858484410020711
part	0.0	0.0	0.0	0.0	0.0	0.0	0.0	0.0	0.0	0.0	0.0	0.004860153486420049	0.0	0.0	0.0	0.0	0.0	0.0	0.0	0.003148833823855185	0.0	0.0	0.0031335017489312086	0.0	0.0
projet	0.0	0.0	0.0	0.0	0.0	0.0	0.0	0.0	0.0	0.0	0.0	0.004830175670004197	0.0	0.0	0.0	0.0	0.0	0.0	0.0	0.0	0.0	0.0	0.0	0.0	0.0
parti	0.0	0.0	0.0	0.0	0.0	0.0	0.0	0.0	0.0	0.0	0.0	0.004635319863301157	0.0	0.0	0.0	0.0	0.0	0.0	0.0	0.0	0.0	0.0	0.0	0.0	0.0
secret	0.0	0.0	0.0	0.0	0.0	0.0	0.0	0.0	0.0	0.0	0.0	0.004571617003417471	0.0	0.0	0.0	0.0	0.0	0.0	0.0	0.0	0.0	0.0	0.0	0.0	0.0
occasion	0.0	0.0	0.0	0.0	0.0	0.0	0.0	0.0	0.0	0.0	0.0	0.00449667246237784	0.0	0.0	0.0	0.0	0.0	0.0	0.0	0.0	0.0	0.0	0.0	0.0	0.0
intérêt	0.0	0.0	0.0	0.0	0.0	0.0	0.0	0.0	0.0	0.0	0.0	0.004466694645961988	0.0	0.0	0.0	0.0	0.0	0.0	0.0	0.0	0.0	0.0	0.0	0.0	0.0
engager	0.0	0.0	0.0	0.0	0.0	0.0	0.0	0.0	0.0	0.0	0.0	0.0044254751483901915	0.0	0.0	0.0	0.0	0.0	0.0	0.0	0.0	0.0	0.0	0.0	0.0	0.0
refuser	0.0	0.0	0.0	0.0	0.0	0.0	0.0	0.0	0.0	0.0	0.0	0.004279333293362912	0.0	0.0	0.0	0.0	0.0	0.0	0.0	0.0	0.0	0.0	0.0	0.0	0.0
promettre	0.0	0.0	0.0	0.0	0.0	0.0	0.0	0.0	0.0	0.0	0.0	0.004125696984231668	0.0	0.0	0.0	0.0	0.0	0.0	0.0	0.0	0.0	0.0	0.0	0.0	0.0
ajouter	0.0	0.0	0.0	0.0	0.0	0.0	0.0	0.0	0.0	0.0	0.0	0.003945830085736555	0.0	0.0	0.0	0.0	0.0	0.0	0.0	0.0	0.0	0.0	0.0	0.0	0.0
employer	0.0	0.0	0.0	0.0	0.0	0.0	0.0	0.0	0.0	0.0	0.0	0.003889621679956832	0.0	0.0	0.0	0.0	0.0	0.0	0.0	0.0	0.0	0.0	0.0	0.0	0.0
déjà	0.0	0.0	0.0	0.0	0.0	0.0	0.0	0.0	0.0	0.0	0.0	0.003867138317644943	0.0	0.0	0.003620336848732882	0.0	0.0	0.0	0.0	0.0	0.0	0.0	0.0046314289415727425	0.0	0.0
conduite	0.0	0.0	0.0	0.0	0.0	0.0	0.0	0.0	0.0	0.0	0.0	0.0037397325978775708	0.0	0.0	0.0	0.0	0.0	0.0	0.0	0.0	0.0	0.0	0.0	0.0	0.0
dessein	0.0	0.0	0.0	0.0	0.0	0.0	0.0	0.0	0.0	0.0	0.0	0.0036685352838899217	0.0	0.0	0.0	0.0	0.0	0.0	0.0	0.0	0.0	0.0	0.0	0.0	0.0
raison	0.0	0.0	0.0	0.0	0.0	0.0	0.0	0.0	0.0	0.0	0.0	0.0036423046945260507	0.0	0.0	0.0	0.0	0.0	0.0	0.0	0.0	0.007697453339488783	0.0	0.0	0.008842880759799842	0.0
confiance	0.0	0.0	0.0	0.0	0.0	0.0	0.0	0.0	0.0	0.0	0.0	0.0035860962887463276	0.0	0.0	0.0	0.0	0.0	0.0	0.0	0.0	0.0	0.0	0.0	0.0	0.0
forcer	0.0	0.0	0.0	0.0	0.0	0.0	0.0	0.0	0.0	0.0	0.0	0.0035411295641225495	0.0	0.0	0.0	0.0	0.0	0.0	0.0	0.0	0.0	0.0	0.0	0.0	0.0
crime	0.0	0.0	0.0	0.0	0.0	0.0	0.0	0.0	0.0	0.0	0.0	0.0	0.017517718550382876	0.0	0.0	0.0	0.0	0.0	0.0	0.0	0.0	0.0	0.0	0.0	0.0
coupable	0.0	0.0	0.0	0.0	0.0	0.0	0.0	0.0	0.0	0.0	0.0	0.0	0.007223467523549152	0.0	0.0	0.0	0.0	0.0	0.0	0.0	0.0	0.0	0.0	0.0	0.0
punir	0.0	0.0	0.0	0.0	0.0	0.0	0.0	0.0	0.0	0.0	0.0	0.0	0.007003200352427474	0.0	0.0	0.0	0.0	0.0	0.0	0.0	0.0	0.0	0.0	0.0	0.0
scélérat	0.0	0.0	0.0	0.0	0.0	0.0	0.0	0.0	0.0	0.0	0.0	0.0	0.00553907150908926	0.0	0.0	0.0	0.0	0.0	0.0	0.0	0.0	0.0	0.0	0.0	0.0
horreur	0.0	0.0	0.0	0.0	0.0	0.0	0.0	0.0	0.0	0.0	0.0	0.0	0.0053447181228054265	0.0	0.0	0.0	0.0	0.0	0.0	0.0	0.0	0.0052954110774274974	0.0	0.0	0.0
commettre	0.0	0.0	0.0	0.0	0.0	0.0	0.0	0.0	0.0	0.0	0.0	0.0	0.004722787286697158	0.0	0.0	0.0	0.0	0.0	0.0	0.0	0.0	0.0	0.0	0.0	0.0
juge	0.0	0.0	0.0	0.0	0.0	0.0	0.0	0.0	0.0	0.0	0.0	0.0	0.004074942665751046	0.0	0.0	0.0	0.0	0.0	0.0	0.0	0.0	0.0	0.0	0.0	0.0
criminel	0.0	0.0	0.0	0.0	0.0	0.0	0.0	0.0	0.0	0.0	0.0	0.0	0.004068464219541585	0.0	0.0	0.0	0.0	0.0	0.0	0.0	0.0	0.0	0.0	0.0	0.0
vengeance	0.0	0.0	0.0	0.0	0.0	0.0	0.0	0.0	0.0	0.0	0.0	0.0	0.003893546171886135	0.0	0.0	0.0	0.0	0.0	0.0	0.0	0.0	0.0	0.0	0.0	0.0
justice	0.0	0.0	0.0	0.0	0.0	0.0	0.0	0.0	0.0	0.0	0.0	0.0	0.0038741108332577515	0.0	0.0	0.0	0.0	0.0	0.0	0.0	0.0	0.0	0.0	0.0	0.0
victime	0.0	0.0	0.0	0.0	0.0	0.0	0.0	0.0	0.0	0.0	0.0	0.0	0.0038741108332577515	0.0	0.0	0.0	0.0	0.0	0.0	0.0	0.0	0.0	0.0	0.0	0.0
affreux	0.0	0.0	0.0	0.0	0.0	0.0	0.0	0.0	0.0	0.0	0.0	0.0	0.003854675494629368	0.0	0.0	0.0	0.0	0.0	0.0	0.0	0.0	0.007737111680696687	0.0	0.0	0.0
innocence	0.0	0.0	0.0	0.0	0.0	0.0	0.0	0.0	0.0	0.0	0.0	0.0	0.0037898910325347567	0.0	0.0	0.0	0.0	0.0	0.0	0.0	0.0	0.0	0.0	0.0	0.0
venger	0.0	0.0	0.0	0.0	0.0	0.0	0.0	0.0	0.0	0.0	0.0	0.0	0.003582580753832001	0.0	0.0	0.0	0.0	0.0	0.0	0.0	0.0	0.0	0.0	0.0	0.0
livrer	0.0	0.0	0.0	0.0	0.0	0.0	0.0	0.0	0.0	0.0	0.0	0.0	0.003394705813757628	0.004332288918854106	0.0	0.0	0.0	0.0	0.0	0.0	0.0	0.0	0.0	0.0	0.0
monstre	0.0	0.0	0.0	0.0	0.0	0.0	0.0	0.0	0.0	0.0	0.0	0.0	0.0033817489213387062	0.0	0.0	0.0	0.0	0.0	0.0	0.0	0.0	0.0	0.0	0.0	0.0
infâme	0.0	0.0	0.0	0.0	0.0	0.0	0.0	0.0	0.0	0.0	0.0	0.0	0.0033558351365008615	0.0	0.0	0.0	0.0	0.0	0.0	0.0	0.0	0.0	0.0	0.0	0.0
action	0.0	0.0	0.0	0.0	0.0	0.0	0.0	0.0	0.0	0.0	0.0	0.0	0.003271615335777867	0.0	0.0	0.0	0.0	0.0	0.0	0.0	0.0	0.0	0.0	0.0	0.0
vil	0.0	0.0	0.0	0.0	0.0	0.0	0.0	0.0	0.0	0.0	0.0	0.0	0.0032392231047305613	0.0	0.0	0.0	0.0	0.0	0.0	0.0	0.0	0.0	0.0	0.0	0.0
créature	0.0	0.0	0.0	0.0	0.0	0.0	0.0	0.0	0.0	0.0	0.0	0.0	0.0032327446585211	0.0	0.0	0.0	0.0	0.0	0.0	0.0	0.0	0.0	0.0	0.0	0.0
accuser	0.0	0.0	0.0	0.0	0.0	0.0	0.0	0.0	0.0	0.0	0.0	0.0	0.0032197877661021782	0.0	0.0	0.0	0.0	0.0	0.0	0.0	0.0	0.0	0.0	0.0	0.0
mal	0.0	0.0	0.0	0.0	0.0	0.0	0.0	0.0	0.0	0.0	0.0	0.0	0.003161481750217028	0.0	0.0	0.0	0.0	0.0	0.004512586603832726	0.0	0.007942415134870312	0.003517263213590254	0.0	0.005309057018273808	0.0034896586943569665
objet	0.0	0.0	0.0	0.0	0.0	0.0	0.0	0.0	0.0	0.0	0.0	0.0	0.0	0.008880799153984958	0.0	0.0	0.0	0.0	0.0	0.0028165448273679548	0.0	0.0	0.0	0.0037612755051093434	0.0
doux	0.0	0.0	0.0	0.0	0.0	0.0	0.0	0.0	0.0	0.0	0.0	0.0	0.0	0.008530913751282586	0.012095404574713977	0.0	0.0	0.0	0.0	0.0	0.0	0.0	0.0	0.0	0.0
éprouver	0.0	0.0	0.0	0.0	0.0	0.0	0.0	0.0	0.0	0.0	0.0	0.0	0.0	0.007398700313324344	0.0	0.0	0.0	0.0	0.0	0.0	0.0	0.0	0.0	0.0	0.0
jouir	0.0	0.0	0.0	0.0	0.0	0.0	0.0	0.0	0.0	0.0	0.0	0.0	0.0	0.006132822788940476	0.0	0.0	0.0	0.0	0.0	0.0	0.0	0.0	0.0	0.0	0.0
peine	0.0	0.0	0.0	0.0	0.0	0.0	0.0	0.0	0.0	0.0	0.0	0.0	0.0	0.004576029311747894	0.0	0.0	0.0	0.0	0.006431111447378376	0.002769074970726922	0.0	0.004120098708891173	0.0	0.0	0.0
douceur	0.0	0.0	0.0	0.0	0.0	0.0	0.0	0.0	0.0	0.0	0.0	0.0	0.0	0.004497403378556349	0.0	0.0	0.0	0.0	0.0	0.0	0.0	0.0	0.0	0.0	0.0
souvenir	0.0	0.0	0.0	0.0	0.0	0.0	0.0	0.0	0.0	0.0	0.0	0.0	0.0	0.004399120962066919	0.0	0.0	0.0	0.0	0.0	0.0	0.0	0.0	0.0	0.0	0.0
occuper	0.0	0.0	0.0	0.0	0.0	0.0	0.0	0.0	0.0	0.0	0.0	0.0	0.0	0.004289044655598756	0.0	0.0	0.0	0.0	0.005782596007306608	0.0	0.0	0.0	0.0	0.0	0.0
triste	0.0	0.0	0.0	0.0	0.0	0.0	0.0	0.0	0.0	0.0	0.0	0.0	0.0	0.004025647779407082	0.0	0.0	0.0	0.0	0.0	0.0	0.0	0.0	0.0	0.0	0.0
toucher	0.0	0.0	0.0	0.0	0.0	0.0	0.0	0.0	0.0	0.0	0.0	0.0	0.0	0.003958815736194269	0.0	0.0	0.0	0.0	0.0	0.0	0.0	0.0	0.0	0.0	0.0
rappeler	0.0	0.0	0.0	0.0	0.0	0.0	0.0	0.0	0.0	0.0	0.0	0.0	0.0	0.0036796936733642857	0.0	0.0	0.0	0.0	0.0	0.0	0.0	0.0	0.0	0.0	0.0
fleur	0.0	0.0	0.0	0.0	0.0	0.0	0.0	0.0	0.0	0.0	0.0	0.0	0.0	0.0	0.010040842701748863	0.0	0.0	0.0	0.0	0.0	0.0	0.0	0.0	0.0	0.0
rose	0.0	0.0	0.0	0.0	0.0	0.0	0.0	0.0	0.0	0.0	0.0	0.0	0.0	0.0	0.005194396348181961	0.0	0.0	0.0	0.0	0.0	0.0	0.0	0.0	0.0	0.0
charme	0.0	0.0	0.0	0.0	0.0	0.0	0.0	0.0	0.0	0.0	0.0	0.0	0.0	0.0	0.004995567779830499	0.0	0.0	0.0	0.0	0.0	0.0	0.0	0.0	0.0	0.0
chanter	0.0	0.0	0.0	0.0	0.0	0.0	0.0	0.0	0.0	0.0	0.0	0.0	0.0	0.0	0.004995567779830499	0.0	0.0	0.0	0.0	0.0	0.0	0.0	0.0	0.0	0.0
délicieux	0.0	0.0	0.0	0.0	0.0	0.0	0.0	0.0	0.0	0.0	0.0	0.0	0.0	0.0	0.004871299924610835	0.0	0.0	0.0	0.0	0.0	0.0	0.0	0.0	0.0	0.0
sein	0.0	0.0	0.0	0.0	0.0	0.0	0.0	0.0	0.0	0.0	0.0	0.0	0.0	0.0	0.004341090409006934	0.0	0.0	0.0	0.0	0.0	0.0	0.005126270183062491	0.0	0.0	0.0
berger	0.0	0.0	0.0	0.0	0.0	0.0	0.0	0.0	0.0	0.0	0.0	0.0	0.0	0.0	0.004258245172193825	0.0	0.0	0.0	0.0	0.0	0.0	0.0	0.0	0.0	0.0
berger|bergère	0.0	0.0	0.0	0.0	0.0	0.0	0.0	0.0	0.0	0.0	0.0	0.0	0.0	0.0	0.0034380773277440414	0.0	0.0	0.0	0.0	0.0	0.0	0.0	0.0	0.0	0.0
joie	0.0	0.0	0.0	0.0	0.0	0.0	0.0	0.0	0.0	0.0	0.0	0.0	0.0	0.0	0.003371801138293554	0.0	0.0	0.0	0.0	0.0	0.0	0.0	0.0	0.0	0.0
sourire	0.0	0.0	0.0	0.0	0.0	0.0	0.0	0.0	0.0	0.0	0.0	0.0	0.0	0.0	0.003363516614612243	0.0	0.0	0.0	0.0	0.0	0.0	0.0	0.0	0.0	0.0
couleur	0.0	0.0	0.0	0.0	0.0	0.0	0.0	0.0	0.0	0.0	0.0	0.0	0.0	0.0	0.0032723868541178224	0.0	0.0	0.0	0.0	0.0	0.0	0.0	0.0	0.0	0.0
fête	0.0	0.0	0.0	0.0	0.0	0.0	0.0	0.0	0.0	0.0	0.0	0.0	0.0	0.0	0.002932721383184074	0.0	0.0	0.0	0.0	0.0	0.0	0.0	0.0	0.0	0.0
pur	0.0	0.0	0.0	0.0	0.0	0.0	0.0	0.0	0.0	0.0	0.0	0.0	0.0	0.0	0.002916152335821452	0.0	0.0	0.0	0.0	0.0	0.0	0.0	0.0	0.0	0.0
manger	0.0	0.0	0.0	0.0	0.0	0.0	0.0	0.0	0.0	0.0	0.0	0.0	0.0	0.0	0.0	0.008199645806439058	0.0	0.0	0.0	0.0	0.0	0.0	0.0	0.0	0.0
lit	0.0	0.0	0.0	0.0	0.0	0.0	0.0	0.0	0.0	0.0	0.0	0.0	0.0	0.0	0.0	0.008173697560216148	0.0	0.0	0.0	0.0	0.0	0.0	0.0	0.0	0.0
coucher	0.0	0.0	0.0	0.0	0.0	0.0	0.0	0.0	0.0	0.0	0.0	0.0	0.0	0.0	0.0	0.007959624528877154	0.0	0.0	0.0	0.0	0.0	0.0	0.0	0.0	0.0
table	0.0	0.0	0.0	0.0	0.0	0.0	0.0	0.0	0.0	0.0	0.0	0.0	0.0	0.0	0.0	0.006136760231717839	0.0	0.0	0.0	0.0	0.0	0.0	0.0	0.0	0.0
vin	0.0	0.0	0.0	0.0	0.0	0.0	0.0	0.0	0.0	0.0	0.0	0.0	0.0	0.0	0.0	0.00526100692169468	0.0	0.0	0.0	0.0	0.0	0.0	0.0	0.0	0.0
boire	0.0	0.0	0.0	0.0	0.0	0.0	0.0	0.0	0.0	0.0	0.0	0.0	0.0	0.0	0.0	0.0051507268752473195	0.0	0.0	0.0	0.0	0.0	0.0	0.0	0.0	0.0
tirer	0.0	0.0	0.0	0.0	0.0	0.0	0.0	0.0	0.0	0.0	0.0	0.0	0.0	0.0	0.0	0.004806912612793783	0.0	0.0	0.0	0.0	0.0	0.0	0.0	0.0	0.0
descendre	0.0	0.0	0.0	0.0	0.0	0.0	0.0	0.0	0.0	0.0	0.0	0.0	0.0	0.0	0.0	0.004093335841663801	0.0	0.0	0.0	0.0	0.0	0.0	0.0	0.0	0.0
dormir	0.0	0.0	0.0	0.0	0.0	0.0	0.0	0.0	0.0	0.0	0.0	0.0	0.0	0.0	0.0	0.003866288687213353	0.0	0.0	0.0	0.0	0.0	0.0	0.0	0.0	0.0
souper	0.0	0.0	0.0	0.0	0.0	0.0	0.0	0.0	0.0	0.0	0.0	0.0	0.0	0.0	0.0	0.0037884439485446277	0.0	0.0	0.0	0.0	0.0	0.0	0.0	0.0	0.0
dîner	0.0	0.0	0.0	0.0	0.0	0.0	0.0	0.0	0.0	0.0	0.0	0.0	0.0	0.0	0.0	0.003593832101872815	0.0	0.0	0.0	0.0	0.0	0.0	0.0	0.0	0.0
chien	0.0	0.0	0.0	0.0	0.0	0.0	0.0	0.0	0.0	0.0	0.0	0.0	0.0	0.0	0.0	0.0034835520554254537	0.0	0.0	0.0	0.0	0.0	0.0	0.0	0.0	0.0
bas	0.0	0.0	0.0	0.0	0.0	0.0	0.0	0.0	0.0	0.0	0.0	0.0	0.0	0.0	0.0	0.003431655562979637	0.0	0.0	0.0	0.0	0.0	0.0	0.0033278274387874077	0.0	0.0
corps	0.0	0.0	0.0	0.0	0.0	0.0	0.0	0.0	0.0	0.0	0.0	0.0	0.0	0.0	0.0	0.0033084013934208223	0.0	0.0	0.0	0.0	0.0	0.0	0.0	0.004676630163432414	0.0
enfant	0.0	0.0	0.0	0.0	0.0	0.0	0.0	0.0	0.0	0.0	0.0	0.0	0.0	0.0	0.0	0.003243530777863551	0.0	0.028246905664266003	0.0	0.0	0.0	0.0	0.0	0.0	0.01514455130933129
ouvrage	0.0	0.0	0.0	0.0	0.0	0.0	0.0	0.0	0.0	0.0	0.0	0.0	0.0	0.0	0.0	0.0	0.01237235524454048	0.0	0.0	0.0	0.0	0.0	0.0	0.0	0.0
auteur	0.0	0.0	0.0	0.0	0.0	0.0	0.0	0.0	0.0	0.0	0.0	0.0	0.0	0.0	0.0	0.0	0.012021366443276919	0.0	0.0	0.0	0.0	0.0	0.0	0.0	0.0
histoire	0.0	0.0	0.0	0.0	0.0	0.0	0.0	0.0	0.0	0.0	0.0	0.0	0.0	0.0	0.0	0.0	0.008697941231312588	0.0	0.0	0.0	0.0	0.0	0.0	0.0	0.0
art	0.0	0.0	0.0	0.0	0.0	0.0	0.0	0.0	0.0	0.0	0.0	0.0	0.0	0.0	0.0	0.0	0.007272049226179377	0.0	0.0	0.0	0.0	0.0	0.0	0.0	0.0
pièce	0.0	0.0	0.0	0.0	0.0	0.0	0.0	0.0	0.0	0.0	0.0	0.0	0.0	0.0	0.0	0.0	0.00703074442531068	0.0	0.0	0.0	0.0	0.0	0.0	0.0	0.0
roman	0.0	0.0	0.0	0.0	0.0	0.0	0.0	0.0	0.0	0.0	0.0	0.0	0.0	0.0	0.0	0.0	0.006131335622072808	0.0	0.0	0.0	0.0	0.0	0.0	0.0	0.0
genre	0.0	0.0	0.0	0.0	0.0	0.0	0.0	0.0	0.0	0.0	0.0	0.0	0.0	0.0	0.0	0.0	0.005550010419980038	0.0	0.0	0.0	0.0	0.0	0.0	0.0	0.0
théâtre	0.0	0.0	0.0	0.0	0.0	0.0	0.0	0.0	0.0	0.0	0.0	0.0	0.0	0.0	0.0	0.0	0.005440326419585175	0.0	0.0	0.0	0.0	0.0	0.0	0.0	0.0
tableau	0.0	0.0	0.0	0.0	0.0	0.0	0.0	0.0	0.0	0.0	0.0	0.0	0.0	0.0	0.0	0.0	0.0053635476193087716	0.0	0.0	0.0	0.0	0.0	0.0	0.0	0.0
génie	0.0	0.0	0.0	0.0	0.0	0.0	0.0	0.0	0.0	0.0	0.0	0.0	0.0	0.0	0.0	0.0	0.005286768819032368	0.0	0.0	0.0	0.0	0.0	0.0	0.0	0.0
talent	0.0	0.0	0.0	0.0	0.0	0.0	0.0	0.0	0.0	0.0	0.0	0.0	0.0	0.0	0.0	0.0	0.00522095841879545	0.0	0.0	0.0	0.0	0.0	0.0	0.0	0.0
français	0.0	0.0	0.0	0.0	0.0	0.0	0.0	0.0	0.0	0.0	0.0	0.0	0.0	0.0	0.0	0.0	0.005177084818637505	0.0	0.0	0.0	0.0	0.0	0.0	0.0	0.0
lecture	0.0	0.0	0.0	0.0	0.0	0.0	0.0	0.0	0.0	0.0	0.0	0.0	0.0	0.0	0.0	0.0	0.004848032817452918	0.0	0.0	0.0	0.0	0.0	0.0	0.0	0.0
musique	0.0	0.0	0.0	0.0	0.0	0.0	0.0	0.0	0.0	0.0	0.0	0.0	0.0	0.0	0.0	0.0	0.004080244814688882	0.0	0.0	0.0	0.0	0.0	0.0	0.0	0.0
siècle	0.0	0.0	0.0	0.0	0.0	0.0	0.0	0.0	0.0	0.0	0.0	0.0	0.0	0.0	0.0	0.0	0.004014434414451964	0.0	0.0	0.0	0.0	0.0	0.0	0.0	0.0
public	0.0	0.0	0.0	0.0	0.0	0.0	0.0	0.0	0.0	0.0	0.0	0.0	0.0	0.0	0.0	0.0	0.003981529214333505	0.0	0.0	0.0	0.0	0.0	0.0	0.0	0.0
spectacle	0.0	0.0	0.0	0.0	0.0	0.0	0.0	0.0	0.0	0.0	0.0	0.0	0.0	0.0	0.0	0.0	0.003915718814096587	0.0	0.0	0.0	0.0	0.0	0.0	0.0	0.0
jouer	0.0	0.0	0.0	0.0	0.0	0.0	0.0	0.0	0.0	0.0	0.0	0.0	0.0	0.0	0.0	0.0	0.003882813613978129	0.0	0.0	0.0	0.0	0.0	0.00511724316621324	0.0	0.0
vérité	0.0	0.0	0.0	0.0	0.0	0.0	0.0	0.0	0.0	0.0	0.0	0.0	0.0	0.0	0.0	0.0	0.0037840980136227527	0.0	0.0	0.0	0.0051677517217987735	0.0	0.0	0.006335363756393614	0.0
portrait	0.0	0.0	0.0	0.0	0.0	0.0	0.0	0.0	0.0	0.0	0.0	0.0	0.0	0.0	0.0	0.0	0.0037731296135832667	0.0	0.0	0.0	0.0	0.0	0.0	0.0	0.0
comédie	0.0	0.0	0.0	0.0	0.0	0.0	0.0	0.0	0.0	0.0	0.0	0.0	0.0	0.0	0.0	0.0	0.0037621612135437803	0.0	0.0	0.0	0.0	0.0	0.0	0.0	0.0
lecteur	0.0	0.0	0.0	0.0	0.0	0.0	0.0	0.0	0.0	0.0	0.0	0.0	0.0	0.0	0.0	0.0	0.0035866668129120004	0.0	0.0	0.0	0.0	0.0	0.0	0.0	0.0
lire|liser	0.0	0.0	0.0	0.0	0.0	0.0	0.0	0.0	0.0	0.0	0.0	0.0	0.0	0.0	0.0	0.0	0.0034660144124776518	0.0	0.0	0.0	0.0	0.0	0.0	0.0	0.0
scène	0.0	0.0	0.0	0.0	0.0	0.0	0.0	0.0	0.0	0.0	0.0	0.0	0.0	0.0	0.0	0.0	0.003378267212161762	0.0	0.0	0.0	0.0	0.0	0.0	0.0	0.0
aujourd	0.0	0.0	0.0	0.0	0.0	0.0	0.0	0.0	0.0	0.0	0.0	0.0	0.0	0.0	0.0	0.0	0.003136962411293065	0.0	0.006209535338687189	0.0	0.0	0.0	0.0	0.0	0.0
titre	0.0	0.0	0.0	0.0	0.0	0.0	0.0	0.0	0.0	0.0	0.0	0.0	0.0	0.0	0.0	0.0	0.003060183611016661	0.0	0.0	0.0	0.0	0.0	0.0	0.0	0.0
anglais	0.0	0.0	0.0	0.0	0.0	0.0	0.0	0.0	0.0	0.0	0.0	0.0	0.0	0.0	0.0	0.0	0.003027278410898202	0.0	0.0	0.0	0.0	0.0	0.0	0.0	0.0
hui	0.0	0.0	0.0	0.0	0.0	0.0	0.0	0.0	0.0	0.0	0.0	0.0	0.0	0.0	0.0	0.0	0.0029504996106217984	0.0	0.005912299095320961	0.0	0.0	0.0	0.0	0.0	0.0
ancien	0.0	0.0	0.0	0.0	0.0	0.0	0.0	0.0	0.0	0.0	0.0	0.0	0.0	0.0	0.0	0.0	0.00291759441050334	0.0	0.0	0.0	0.0	0.0	0.0	0.0	0.0
acteur	0.0	0.0	0.0	0.0	0.0	0.0	0.0	0.0	0.0	0.0	0.0	0.0	0.0	0.0	0.0	0.0	0.0028627524103059087	0.0	0.0	0.0	0.0	0.0	0.0	0.0	0.0
poète	0.0	0.0	0.0	0.0	0.0	0.0	0.0	0.0	0.0	0.0	0.0	0.0	0.0	0.0	0.0	0.0	0.00282984721018745	0.0	0.0	0.0	0.0	0.0	0.0	0.0	0.0
science	0.0	0.0	0.0	0.0	0.0	0.0	0.0	0.0	0.0	0.0	0.0	0.0	0.0	0.0	0.0	0.0	0.002818878810147964	0.0	0.0	0.0	0.0	0.0	0.0	0.0	0.0
famille	0.0	0.0	0.0	0.0	0.0	0.0	0.0	0.0	0.0	0.0	0.0	0.0	0.0	0.0	0.0	0.0	0.0	0.009783940368915809	0.0	0.0	0.0	0.0	0.0	0.0	0.00464720401736318
mariage	0.0	0.0	0.0	0.0	0.0	0.0	0.0	0.0	0.0	0.0	0.0	0.0	0.0	0.0	0.0	0.0	0.0	0.00786608195839106	0.0	0.0	0.0	0.0	0.0	0.0	0.0
époux	0.0	0.0	0.0	0.0	0.0	0.0	0.0	0.0	0.0	0.0	0.0	0.0	0.0	0.0	0.0	0.0	0.0	0.007419535821015148	0.0	0.0	0.0	0.0	0.0	0.0	0.0
vieillard	0.0	0.0	0.0	0.0	0.0	0.0	0.0	0.0	0.0	0.0	0.0	0.0	0.0	0.0	0.0	0.0	0.0	0.006297445527096191	0.0	0.0	0.0	0.0	0.0	0.0	0.0
oncle	0.0	0.0	0.0	0.0	0.0	0.0	0.0	0.0	0.0	0.0	0.0	0.0	0.0	0.0	0.0	0.0	0.0	0.006142871864158375	0.0	0.0	0.0	0.0	0.0	0.0	0.0
épouser	0.0	0.0	0.0	0.0	0.0	0.0	0.0	0.0	0.0	0.0	0.0	0.0	0.0	0.0	0.0	0.0	0.0	0.0056791508753449285	0.0	0.0	0.0	0.0	0.0	0.0	0.0
épouse	0.0	0.0	0.0	0.0	0.0	0.0	0.0	0.0	0.0	0.0	0.0	0.0	0.0	0.0	0.0	0.0	0.0	0.005364278598990119	0.0	0.0	0.0	0.0	0.0	0.0	0.0
parent|parents	0.0	0.0	0.0	0.0	0.0	0.0	0.0	0.0	0.0	0.0	0.0	0.0	0.0	0.0	0.0	0.0	0.0	0.005106655827427093	0.0	0.0	0.0	0.0	0.0	0.0	0.0
marier	0.0	0.0	0.0	0.0	0.0	0.0	0.0	0.0	0.0	0.0	0.0	0.0	0.0	0.0	0.0	0.0	0.0	0.0050036067188018825	0.0	0.0	0.0	0.0	0.0	0.0	0.0
embrasser	0.0	0.0	0.0	0.0	0.0	0.0	0.0	0.0	0.0	0.0	0.0	0.0	0.0	0.0	0.0	0.0	0.0	0.00400174038494567	0.0	0.0	0.0	0.0	0.0	0.0	0.0
fortune	0.0	0.0	0.0	0.0	0.0	0.0	0.0	0.0	0.0	0.0	0.0	0.0	0.0	0.0	0.0	0.0	0.0	0.0038013671181744276	0.0	0.0	0.0	0.0	0.0	0.0	0.00551536300961784
malade	0.0	0.0	0.0	0.0	0.0	0.0	0.0	0.0	0.0	0.0	0.0	0.0	0.0	0.0	0.0	0.0	0.0	0.0	0.005361060971259958	0.0	0.0	0.0	0.0	0.0	0.0
matin	0.0	0.0	0.0	0.0	0.0	0.0	0.0	0.0	0.0	0.0	0.0	0.0	0.0	0.0	0.0	0.0	0.0	0.0	0.005144889157902701	0.0	0.0	0.0	0.0	0.0	0.0
milord	0.0	0.0	0.0	0.0	0.0	0.0	0.0	0.0	0.0	0.0	0.0	0.0	0.0	0.0	0.0	0.0	0.0	0.0	0.0	0.02772239627836324	0.0	0.0	0.0	0.0	0.0
miss	0.0	0.0	0.0	0.0	0.0	0.0	0.0	0.0	0.0	0.0	0.0	0.0	0.0	0.0	0.0	0.0	0.0	0.0	0.0	0.017658786670464256	0.0	0.0	0.0	0.0	0.0
mylord	0.0	0.0	0.0	0.0	0.0	0.0	0.0	0.0	0.0	0.0	0.0	0.0	0.0	0.0	0.0	0.0	0.0	0.0	0.0	0.015032121269660432	0.0	0.0	0.0	0.0	0.0
lady	0.0	0.0	0.0	0.0	0.0	0.0	0.0	0.0	0.0	0.0	0.0	0.0	0.0	0.0	0.0	0.0	0.0	0.0	0.0	0.008940156334061205	0.0	0.0	0.0	0.0	0.0
sir	0.0	0.0	0.0	0.0	0.0	0.0	0.0	0.0	0.0	0.0	0.0	0.0	0.0	0.0	0.0	0.0	0.0	0.0	0.0	0.0068198360707617325	0.0	0.0	0.0	0.0	0.0
lord	0.0	0.0	0.0	0.0	0.0	0.0	0.0	0.0	0.0	0.0	0.0	0.0	0.0	0.0	0.0	0.0	0.0	0.0	0.0	0.006645779929744612	0.0	0.0	0.0	0.0	0.0
sentimens	0.0	0.0	0.0	0.0	0.0	0.0	0.0	0.0	0.0	0.0	0.0	0.0	0.0	0.0	0.0	0.0	0.0	0.0	0.0	0.00484192537738536	0.0	0.0	0.0	0.0	0.0
présenter	0.0	0.0	0.0	0.0	0.0	0.0	0.0	0.0	0.0	0.0	0.0	0.0	0.0	0.0	0.0	0.0	0.0	0.0	0.0	0.0036077091047185036	0.0	0.0	0.0	0.0	0.0
parent	0.0	0.0	0.0	0.0	0.0	0.0	0.0	0.0	0.0	0.0	0.0	0.0	0.0	0.0	0.0	0.0	0.0	0.0	0.0	0.0035602392480774707	0.0	0.0	0.0	0.0	0.0
auprès	0.0	0.0	0.0	0.0	0.0	0.0	0.0	0.0	0.0	0.0	0.0	0.0	0.0	0.0	0.0	0.0	0.0	0.0	0.0	0.003433652963701383	0.0	0.0	0.0	0.0	0.0
mistriss	0.0	0.0	0.0	0.0	0.0	0.0	0.0	0.0	0.0	0.0	0.0	0.0	0.0	0.0	0.0	0.0	0.0	0.0	0.0	0.003243773537137251	0.0	0.0	0.0	0.0	0.0
jenny	0.0	0.0	0.0	0.0	0.0	0.0	0.0	0.0	0.0	0.0	0.0	0.0	0.0	0.0	0.0	0.0	0.0	0.0	0.0	0.0032121269660432294	0.0	0.0	0.0	0.0	0.0
obliger	0.0	0.0	0.0	0.0	0.0	0.0	0.0	0.0	0.0	0.0	0.0	0.0	0.0	0.0	0.0	0.0	0.0	0.0	0.0	0.003117187252761163	0.0	0.0	0.0	0.0	0.0
faveur	0.0	0.0	0.0	0.0	0.0	0.0	0.0	0.0	0.0	0.0	0.0	0.0	0.0	0.0	0.0	0.0	0.0	0.0	0.0	0.0029906009683850756	0.0	0.0	0.0	0.0	0.0
comment	0.0	0.0	0.0	0.0	0.0	0.0	0.0	0.0	0.0	0.0	0.0	0.0	0.0	0.0	0.0	0.0	0.0	0.0	0.0	0.0027848982562739327	0.007626791283128727	0.0	0.00289059463661096	0.0	0.0
pourquoi	0.0	0.0	0.0	0.0	0.0	0.0	0.0	0.0	0.0	0.0	0.0	0.0	0.0	0.0	0.0	0.0	0.0	0.0	0.0	0.0	0.007414805114048559	0.0	0.0	0.0	0.0
pourtant	0.0	0.0	0.0	0.0	0.0	0.0	0.0	0.0	0.0	0.0	0.0	0.0	0.0	0.0	0.0	0.0	0.0	0.0	0.0	0.0	0.004616587682190336	0.0	0.0	0.0	0.0
mauvais	0.0	0.0	0.0	0.0	0.0	0.0	0.0	0.0	0.0	0.0	0.0	0.0	0.0	0.0	0.0	0.0	0.0	0.0	0.0	0.0	0.004461131158198212	0.0	0.0	0.0	0.0
mort	0.0	0.0	0.0	0.0	0.0	0.0	0.0	0.0	0.0	0.0	0.0	0.0	0.0	0.0	0.0	0.0	0.0	0.0	0.0	0.0	0.0	0.015534940605524402	0.0	0.0	0.0
douleur	0.0	0.0	0.0	0.0	0.0	0.0	0.0	0.0	0.0	0.0	0.0	0.0	0.0	0.0	0.0	0.0	0.0	0.0	0.0	0.0	0.0	0.010439029044527424	0.0	0.0	0.0
dernier	0.0	0.0	0.0	0.0	0.0	0.0	0.0	0.0	0.0	0.0	0.0	0.0	0.0	0.0	0.0	0.0	0.0	0.0	0.0	0.0	0.0	0.00697380918304948	0.0	0.0	0.0
cri	0.0	0.0	0.0	0.0	0.0	0.0	0.0	0.0	0.0	0.0	0.0	0.0	0.0	0.0	0.0	0.0	0.0	0.0	0.0	0.0	0.0	0.0060630505210840634	0.0	0.0	0.0
infortuné	0.0	0.0	0.0	0.0	0.0	0.0	0.0	0.0	0.0	0.0	0.0	0.0	0.0	0.0	0.0	0.0	0.0	0.0	0.0	0.0	0.0	0.005651040650194946	0.0	0.0	0.0
désespoir	0.0	0.0	0.0	0.0	0.0	0.0	0.0	0.0	0.0	0.0	0.0	0.0	0.0	0.0	0.0	0.0	0.0	0.0	0.0	0.0	0.0	0.004965803180716204	0.0	0.0	0.0
arracher	0.0	0.0	0.0	0.0	0.0	0.0	0.0	0.0	0.0	0.0	0.0	0.0	0.0	0.0	0.0	0.0	0.0	0.0	0.0	0.0	0.0	0.004844368692454148	0.0	0.0	0.0
terrible	0.0	0.0	0.0	0.0	0.0	0.0	0.0	0.0	0.0	0.0	0.0	0.0	0.0	0.0	0.0	0.0	0.0	0.0	0.0	0.0	0.0	0.004011675058657195	0.0	0.0	0.0
abandonner	0.0	0.0	0.0	0.0	0.0	0.0	0.0	0.0	0.0	0.0	0.0	0.0	0.0	0.0	0.0	0.0	0.0	0.0	0.0	0.0	0.0	0.003682067161945901	0.0	0.0	0.0
sauver	0.0	0.0	0.0	0.0	0.0	0.0	0.0	0.0	0.0	0.0	0.0	0.0	0.0	0.0	0.0	0.0	0.0	0.0	0.0	0.0	0.0	0.003625686863824232	0.0	0.0	0.0
force	0.0	0.0	0.0	0.0	0.0	0.0	0.0	0.0	0.0	0.0	0.0	0.0	0.0	0.0	0.0	0.0	0.0	0.0	0.0	0.0	0.0	0.0035042523755621766	0.0	0.002834825638806599	0.0
rire	0.0	0.0	0.0	0.0	0.0	0.0	0.0	0.0	0.0	0.0	0.0	0.0	0.0	0.0	0.0	0.0	0.0	0.0	0.0	0.0	0.0	0.0	0.005983611866822127	0.0	0.0
ci	0.0	0.0	0.0	0.0	0.0	0.0	0.0	0.0	0.0	0.0	0.0	0.0	0.0	0.0	0.0	0.0	0.0	0.0	0.0	0.0	0.0	0.0	0.004987692706309108	0.0	0.0
abbé	0.0	0.0	0.0	0.0	0.0	0.0	0.0	0.0	0.0	0.0	0.0	0.0	0.0	0.0	0.0	0.0	0.0	0.0	0.0	0.0	0.0	0.0	0.004712397979012826	0.0	0.0
tante	0.0	0.0	0.0	0.0	0.0	0.0	0.0	0.0	0.0	0.0	0.0	0.0	0.0	0.0	0.0	0.0	0.0	0.0	0.0	0.0	0.0	0.0	0.004445200155460552	0.0	0.0
chapitre	0.0	0.0	0.0	0.0	0.0	0.0	0.0	0.0	0.0	0.0	0.0	0.0	0.0	0.0	0.0	0.0	0.0	0.0	0.0	0.0	0.0	0.0	0.003724575722243814	0.0	0.0
diable	0.0	0.0	0.0	0.0	0.0	0.0	0.0	0.0	0.0	0.0	0.0	0.0	0.0	0.0	0.0	0.0	0.0	0.0	0.0	0.0	0.0	0.0	0.0032144707863712915	0.0	0.0
messieurs	0.0	0.0	0.0	0.0	0.0	0.0	0.0	0.0	0.0	0.0	0.0	0.0	0.0	0.0	0.0	0.0	0.0	0.0	0.0	0.0	0.0	0.0	0.0031901800751392667	0.0	0.0
propos	0.0	0.0	0.0	0.0	0.0	0.0	0.0	0.0	0.0	0.0	0.0	0.0	0.0	0.0	0.0	0.0	0.0	0.0	0.0	0.0	0.0	0.0	0.0030363389040031093	0.0	0.0
payer	0.0	0.0	0.0	0.0	0.0	0.0	0.0	0.0	0.0	0.0	0.0	0.0	0.0	0.0	0.0	0.0	0.0	0.0	0.0	0.0	0.0	0.0	0.0029796605777950512	0.0	0.003835787442902942
affaire	0.0	0.0	0.0	0.0	0.0	0.0	0.0	0.0	0.0	0.0	0.0	0.0	0.0	0.0	0.0	0.0	0.0	0.0	0.0	0.0	0.0	0.0	0.002809625599170877	0.0	0.0
bout	0.0	0.0	0.0	0.0	0.0	0.0	0.0	0.0	0.0	0.0	0.0	0.0	0.0	0.0	0.0	0.0	0.0	0.0	0.0	0.0	0.0	0.0	0.0027448503692188105	0.0	0.0
galant	0.0	0.0	0.0	0.0	0.0	0.0	0.0	0.0	0.0	0.0	0.0	0.0	0.0	0.0	0.0	0.0	0.0	0.0	0.0	0.0	0.0	0.0	0.002688172043010753	0.0	0.0
humain	0.0	0.0	0.0	0.0	0.0	0.0	0.0	0.0	0.0	0.0	0.0	0.0	0.0	0.0	0.0	0.0	0.0	0.0	0.0	0.0	0.0	0.0	0.0	0.006573910727956596	0.0
principe	0.0	0.0	0.0	0.0	0.0	0.0	0.0	0.0	0.0	0.0	0.0	0.0	0.0	0.0	0.0	0.0	0.0	0.0	0.0	0.0	0.0	0.0	0.0	0.0062521496965460615	0.0
sage	0.0	0.0	0.0	0.0	0.0	0.0	0.0	0.0	0.0	0.0	0.0	0.0	0.0	0.0	0.0	0.0	0.0	0.0	0.0	0.0	0.0	0.0	0.0	0.004426987983889758	0.0
opinion	0.0	0.0	0.0	0.0	0.0	0.0	0.0	0.0	0.0	0.0	0.0	0.0	0.0	0.0	0.0	0.0	0.0	0.0	0.0	0.0	0.0	0.0	0.0	0.0038833227928857525	0.0
préjugé	0.0	0.0	0.0	0.0	0.0	0.0	0.0	0.0	0.0	0.0	0.0	0.0	0.0	0.0	0.0	0.0	0.0	0.0	0.0	0.0	0.0	0.0	0.0	0.0037446326931398328	0.0
sen|sens	0.0	0.0	0.0	0.0	0.0	0.0	0.0	0.0	0.0	0.0	0.0	0.0	0.0	0.0	0.0	0.0	0.0	0.0	0.0	0.0	0.0	0.0	0.0	0.00361149019738375	0.0
erreur	0.0	0.0	0.0	0.0	0.0	0.0	0.0	0.0	0.0	0.0	0.0	0.0	0.0	0.0	0.0	0.0	0.0	0.0	0.0	0.0	0.0	0.0	0.0	0.003605942593393913	0.0
naître	0.0	0.0	0.0	0.0	0.0	0.0	0.0	0.0	0.0	0.0	0.0	0.0	0.0	0.0	0.0	0.0	0.0	0.0	0.0	0.0	0.0	0.0	0.0	0.0033341099978919106	0.0031662269129287598
espèce	0.0	0.0	0.0	0.0	0.0	0.0	0.0	0.0	0.0	0.0	0.0	0.0	0.0	0.0	0.0	0.0	0.0	0.0	0.0	0.0	0.0	0.0	0.0	0.0032508959380443585	0.0
vice	0.0	0.0	0.0	0.0	0.0	0.0	0.0	0.0	0.0	0.0	0.0	0.0	0.0	0.0	0.0	0.0	0.0	0.0	0.0	0.0	0.0	0.0	0.0	0.003139943858247623	0.0
univers	0.0	0.0	0.0	0.0	0.0	0.0	0.0	0.0	0.0	0.0	0.0	0.0	0.0	0.0	0.0	0.0	0.0	0.0	0.0	0.0	0.0	0.0	0.0	0.0030234441744610503	0.0
exister	0.0	0.0	0.0	0.0	0.0	0.0	0.0	0.0	0.0	0.0	0.0	0.0	0.0	0.0	0.0	0.0	0.0	0.0	0.0	0.0	0.0	0.0	0.0	0.0029957061545118663	0.0
éclairer	0.0	0.0	0.0	0.0	0.0	0.0	0.0	0.0	0.0	0.0	0.0	0.0	0.0	0.0	0.0	0.0	0.0	0.0	0.0	0.0	0.0	0.0	0.0	0.002873658866735457	0.0
rapport	0.0	0.0	0.0	0.0	0.0	0.0	0.0	0.0	0.0	0.0	0.0	0.0	0.0	0.0	0.0	0.0	0.0	0.0	0.0	0.0	0.0	0.0	0.0	0.0027959924108777417	0.0
système	0.0	0.0	0.0	0.0	0.0	0.0	0.0	0.0	0.0	0.0	0.0	0.0	0.0	0.0	0.0	0.0	0.0	0.0	0.0	0.0	0.0	0.0	0.0	0.0027516115789590475	0.0
travail	0.0	0.0	0.0	0.0	0.0	0.0	0.0	0.0	0.0	0.0	0.0	0.0	0.0	0.0	0.0	0.0	0.0	0.0	0.0	0.0	0.0	0.0	0.0	0.0	0.007121173433199989
besoin	0.0	0.0	0.0	0.0	0.0	0.0	0.0	0.0	0.0	0.0	0.0	0.0	0.0	0.0	0.0	0.0	0.0	0.0	0.0	0.0	0.0	0.0	0.0	0.0	0.0069395976962578374
riche	0.0	0.0	0.0	0.0	0.0	0.0	0.0	0.0	0.0	0.0	0.0	0.0	0.0	0.0	0.0	0.0	0.0	0.0	0.0	0.0	0.0	0.0	0.0	0.0	0.006235991715607002
utile	0.0	0.0	0.0	0.0	0.0	0.0	0.0	0.0	0.0	0.0	0.0	0.0	0.0	0.0	0.0	0.0	0.0	0.0	0.0	0.0	0.0	0.0	0.0	0.0	0.004732317644054814
exemple	0.0	0.0	0.0	0.0	0.0	0.0	0.0	0.0	0.0	0.0	0.0	0.0	0.0	0.0	0.0	0.0	0.0	0.0	0.0	0.0	0.0	0.0	0.0	0.0	0.003807416234005731
année	0.0	0.0	0.0	0.0	0.0	0.0	0.0	0.0	0.0	0.0	0.0	0.0	0.0	0.0	0.0	0.0	0.0	0.0	0.0	0.0	0.0	0.0	0.0	0.0	0.0035464011121513887
richesse	0.0	0.0	0.0	0.0	0.0	0.0	0.0	0.0	0.0	0.0	0.0	0.0	0.0	0.0	0.0	0.0	0.0	0.0	0.0	0.0	0.0	0.0	0.0	0.0	0.0034896586943569665
travailler	0.0	0.0	0.0	0.0	0.0	0.0	0.0	0.0	0.0	0.0	0.0	0.0	0.0	0.0	0.0	0.0	0.0	0.0	0.0	0.0	0.0	0.0	0.0	0.0	0.0033364541663120266
prix	0.0	0.0	0.0	0.0	0.0	0.0	0.0	0.0	0.0	0.0	0.0	0.0	0.0	0.0	0.0	0.0	0.0	0.0	0.0	0.0	0.0	0.0	0.0	0.0	0.0033364541663120266
droit	0.0	0.0	0.0	0.0	0.0	0.0	0.0	0.0	0.0	0.0	0.0	0.0	0.0	0.0	0.0	0.0	0.0	0.0	0.0	0.0	0.0	0.0	0.0	0.0	0.0032002723636054132
misère	0.0	0.0	0.0	0.0	0.0	0.0	0.0	0.0	0.0	0.0	0.0	0.0	0.0	0.0	0.0	0.0	0.0	0.0	0.0	0.0	0.0	0.0	0.0	0.0	0.003171901154708202
éducation	0.0	0.0	0.0	0.0	0.0	0.0	0.0	0.0	0.0	0.0	0.0	0.0	0.0	0.0	0.0	0.0	0.0	0.0	0.0	0.0	0.0	0.0	0.0	0.0	0.0031492041875904333
place	0.0	0.0	0.0	0.0	0.0	0.0	0.0	0.0	0.0	0.0	0.0	0.0	0.0	0.0	0.0	0.0	0.0	0.0	0.0	0.0	0.0	0.0	0.0	0.0	0.0031321814622521068
