	0	1	2	3	4	5	6	7	8	9
roi	0.014072429197856557	0.0	0.0	0.0	0.0	0.0	0.0	0.0	0.0	0.0
prince	0.00864641804626152	0.0	0.0	0.0	0.0	0.0	0.0	0.0	0.0	0.0
peuple	0.008182080307960771	0.0	0.0	0.0	0.002897836010985083	0.0	0.0	0.0	0.0	0.0
terre	0.007713997910480178	0.0	0.0	0.0	0.0	0.0	0.0	0.0	0.0	0.0
grand	0.007324553355776324	0.0036562979016248904	0.004990567322091915	0.0048792265106512	0.006910920385292295	0.0	0.005280518141457823	0.004106411754986139	0.0	0.0063312918759291705
ville	0.004871801592978015	0.0	0.0	0.0	0.0	0.0	0.003235881496163491	0.0	0.0	0.0
pays	0.004160316348807513	0.0	0.0	0.0	0.0	0.0	0.0	0.0	0.0	0.0
ennemi	0.004081678506030774	0.0	0.0	0.0	0.0	0.0	0.0	0.0	0.0	0.0
soleil	0.004025508618333102	0.0	0.0	0.0	0.0	0.0	0.0	0.0	0.0	0.0
troupe	0.00397682804899512	0.0	0.0	0.0	0.0	0.0	0.0	0.0	0.0	0.0
palais	0.003924402820477294	0.0	0.0	0.0	0.0	0.0	0.0	0.0	0.0	0.0
porter	0.0038307863409811757	0.0	0.0	0.0	0.0	0.0	0.0	0.0	0.0	0.0
montagne	0.0037895950900028834	0.0	0.0	0.0	0.0	0.0	0.0	0.0	0.0	0.0
mer	0.0036997232696866097	0.0	0.0	0.0	0.0	0.0	0.0	0.0	0.0	0.0
arme	0.0036098514493703355	0.0	0.0	0.0	0.0	0.0	0.0	0.0	0.0	0.0
princesse	0.0035087456515145274	0.0	0.0	0.0	0.0	0.0	0.0	0.0	0.0	0.0
voir	0.003441341786277322	0.0054078883827990785	0.0049711185016628745	0.010530482532481388	0.0038298488419966793	0.009475331614778985	0.009347267894950223	0.013100534669906102	0.007594357045086481	0.01983504904220936
guerre	0.003441341786277322	0.0	0.0	0.0	0.0	0.0	0.0	0.0	0.0	0.0
milieu	0.0033439806476013587	0.0	0.0	0.0	0.0	0.0	0.0	0.0	0.0	0.0
beau	0.003336491329241669	0.0	0.006713732812104946	0.01506159391809188	0.0	0.0	0.003731399312281334	0.0	0.0	0.0
élever	0.003310278714982756	0.0	0.0	0.0	0.0	0.0	0.0	0.0	0.0	0.0
eau	0.003310278714982756	0.0	0.0025088978353462865	0.0	0.0	0.0	0.0	0.0	0.0	0.0
jour	0.0032728321231843085	0.0	0.0025789135888908336	0.0026950848390248283	0.0	0.00476931572870124	0.011201705782542757	0.005008067987327854	0.006695201215364534	0.007606546758221121
couvrir	0.003220406894666482	0.0	0.0	0.0	0.0	0.0	0.0	0.0	0.0	0.0
trône	0.0031979389395874135	0.0	0.0	0.0	0.0	0.0	0.0	0.0	0.0	0.0
nouveau	0.0031717263253285004	0.0	0.0	0.003489573390529023	0.0	0.0	0.0035912528592379036	0.0	0.0	0.0
arbre	0.0030444079132137787	0.0	0.0	0.0	0.0	0.0	0.0	0.0	0.0	0.0
bord	0.0029620254112571946	0.0	0.0	0.0	0.0	0.0	0.0	0.0	0.0	0.0
cour	0.002823473021602939	0.0	0.0	0.0	0.0	0.0	0.0	0.0	0.0	0.0
tête	0.0027972604073440255	0.0	0.0036797168251745532	0.002824224320894768	0.0	0.0	0.0	0.003879977723787201	0.0	0.0
gloire	0.002778537111444802	0.0	0.0	0.0	0.0	0.0	0.0	0.0	0.0	0.0
soldat	0.002759813815545578	0.0	0.0	0.0	0.0	0.0	0.0	0.0	0.0	0.0
temps	0.0027223672237471305	0.0072166873907359205	0.0	0.0	0.0	0.0	0.004382079272840118	0.005858725563994133	0.0041097103815729875	0.004199119691779667
pied	0.0026512186993300803	0.0	0.0030729136277884745	0.0	0.0	0.00340946048889306	0.0	0.0039044570785114105	0.0	0.0
vent	0.0026137721075316332	0.0	0.0	0.0	0.0	0.0	0.0	0.0	0.0	0.0
vaisseau	0.0025763255157331857	0.0	0.0	0.0	0.0	0.0	0.0	0.0	0.0	0.0
chef	0.0024602410811579985	0.0	0.0	0.0	0.0	0.0	0.0	0.0	0.0	0.0
souverain	0.0023591352833021904	0.0	0.0	0.0	0.0	0.0	0.0	0.0	0.0	0.0
patrie	0.002344156646582811	0.0	0.0	0.0	0.0	0.0	0.0	0.0	0.0	0.0
temple	0.0023329226690432772	0.0	0.0	0.0	0.0	0.0	0.0	0.0	0.0	0.0
bois	0.0023329226690432772	0.0	0.0	0.0	0.0	0.0	0.0	0.0	0.0	0.0
lieu	0.0023104547139642085	0.0	0.0	0.0	0.0	0.0	0.0	0.0	0.0	0.0
rocher	0.0022542848262665375	0.0	0.0	0.0	0.0	0.0	0.0	0.0	0.0	0.0
vieillard	0.0022393061895471583	0.0	0.0	0.0	0.0	0.0	0.0	0.0	0.0	0.0
feu	0.0022355615303673135	0.0	0.0	0.0	0.0	0.0	0.0	0.0	0.0	0.0
côté	0.0021756469834897977	0.0	0.0	0.0	0.0	0.0	0.0	0.004018694067224388	0.0	0.0
sembler	0.0021756469834897977	0.0	0.0	0.002745617679756544	0.0	0.0	0.0	0.0	0.0034094384621426986	0.0
joie	0.0021344557325115054	0.0	0.0	0.0	0.0	0.0	0.0	0.0	0.0	0.0
armer	0.0021194770957921267	0.0	0.0	0.0	0.0	0.0	0.0	0.0	0.0	0.0
donner	0.002111987777432437	0.008224567023995611	0.0058307563646264856	0.004514267105366588	0.005270849262759753	0.0	0.010616093818039851	0.004183929711612802	0.0	0.006925061344932829
croire	0.0	0.014551157042453775	0.0	0.0	0.0	0.0	0.0	0.0	0.0046010706305288475	0.011960856197581289
moins	0.0	0.012577462869142226	0.0	0.00266701103861832	0.004359195935338216	0.0	0.0	0.0	0.0034629198497841524	0.0
point	0.0	0.010331186891843916	0.0	0.0028017652805695614	0.009799707728015129	0.00636490831345209	0.0	0.0	0.014271174033449265	0.005166244205687142
femme	0.0	0.010208356819677042	0.004823307466402162	0.011501836026546586	0.0	0.0	0.00659939636920582	0.0	0.0	0.007635785406315998
encore	0.0	0.007696229453305223	0.0043954334169632615	0.003666438333090027	0.0	0.005784295963871069	0.0	0.0046979961608212	0.007188232757684189	0.00819806710044825
paraître	0.0	0.007581812399779915	0.0	0.005246993295976463	0.0	0.0	0.0	0.006209596315041136	0.0	0.0
assez	0.0	0.006706858461056978	0.0	0.0031386508854476646	0.0	0.0	0.0	0.0	0.0	0.0
mettre	0.0	0.005948004179587661	0.010537370908454403	0.0	0.0	0.0	0.0031633056544088573	0.005497655081812044	0.0	0.0
laisser	0.0	0.005749456939646687	0.0	0.0	0.0	0.0038918489447479685	0.0	0.004287966969190692	0.003344258020954676	0.0
répondre	0.0	0.004691099194537595	0.0	0.0	0.0	0.0	0.0	0.006436030346240073	0.0	0.005305690065831941
cependant	0.0	0.0046439862901448215	0.0	0.0	0.0	0.0	0.0	0.004063572884218772	0.0	0.0
jamais	0.0	0.004526204029162888	0.0	0.0	0.0047188804987625945	0.0032086471950530083	0.0	0.0	0.008697410665191472	0.007296167263060117
fort	0.0	0.004462265087486981	0.004399323181049069	0.0027989579005289105	0.0	0.0	0.0	0.0	0.0	0.005105517782720859
autant	0.0	0.004403373956996014	0.0	0.0	0.0	0.0	0.0	0.0	0.0	0.0
homme	0.0	0.004282226488557453	0.0060991500865472505	0.003214450146545238	0.024571658666135813	0.005611858461551894	0.012422982016206936	0.0	0.0	0.0
connaître	0.0	0.004216604943153233	0.0	0.0	0.003004157863066503	0.0	0.005335575676582029	0.0	0.004734774099632483	0.0
seul	0.0	0.004196413698413473	0.0	0.0	0.0037076918204563243	0.004236723949386319	0.0	0.0	0.008323040951701293	0.0
penser	0.0	0.003947388346623099	0.0	0.0	0.0	0.0	0.0	0.0	0.0	0.0065539554268055425
effet	0.0	0.003915418875785145	0.0	0.0	0.0	0.0	0.0	0.0	0.0	0.0
moyen	0.0	0.003811097444629718	0.0	0.0	0.0	0.0	0.0	0.0	0.0	0.0
demander	0.0	0.0037959540110748978	0.0	0.0	0.0	0.0	0.005042769694330576	0.004553159978702962	0.0	0.0050470404865311045
tant	0.0	0.0037942714073465845	0.0	0.0	0.0	0.0	0.0	0.0	0.0	0.0
raison	0.0	0.0037538889178670644	0.0	0.0	0.005687088002823184	0.0	0.0	0.0	0.0	0.0
beaucoup	0.0	0.0036865847687345306	0.0	0.003983672277683575	0.0	0.0	0.0	0.0	0.0	0.006196344269337429
toujours	0.0	0.0036562979016248904	0.0	0.0	0.005601125654331823	0.0	0.0	0.0	0.006915811939385532	0.006612432722995297
craindre	0.0	0.0036192806196019968	0.0	0.0	0.0	0.0	0.0	0.0	0.0031904990314854955	0.0
personne	0.0	0.0034897201325218698	0.0	0.0029196752422768974	0.0	0.0	0.004189377899905401	0.0	0.0	0.004833373442760848
part	0.0	0.0034291463983025894	0.0	0.0	0.0	0.0	0.0	0.0	0.0	0.0
chose	0.0	0.003398859531192949	0.002983449053814886	0.0	0.00553326064236496	0.0	0.0	0.0	0.0	0.00785844895719237
honneur	0.0	0.0033382857969736688	0.0	0.0	0.0	0.0	0.0	0.0	0.0	0.0
mieux	0.0	0.0033349205895170423	0.0027734017931812438	0.0	0.002572083953544137	0.0	0.0	0.0	0.0	0.004633201159649766
permettre	0.0	0.0033079989298640286	0.0	0.0	0.0	0.0	0.0	0.0	0.0	0.0
assurer	0.0	0.0032810772702110153	0.0	0.0	0.0	0.0	0.0	0.0	0.0	0.0
état	0.0	0.0031683428204140216	0.0	0.0	0.0036533998108828334	0.0	0.0	0.0	0.0	0.0
juger	0.0	0.003037099729605581	0.0	0.0	0.0	0.0	0.0	0.0	0.0	0.0
avouer	0.0	0.003033734522148954	0.0	0.0	0.0	0.0	0.0	0.0	0.0	0.0
doute	0.0	0.0030253215035073873	0.0	0.0	0.0	0.0	0.0	0.0	0.0	0.0
conduite	0.0	0.0030152258811375074	0.0	0.0	0.0	0.0	0.0	0.0	0.0	0.0
tromper	0.0	0.002993352032669434	0.0	0.0	0.0	0.0	0.0	0.0	0.0	0.0
douter	0.0	0.0029815738065712407	0.0	0.0	0.0	0.0	0.0	0.0	0.0	0.0
attendre	0.0	0.0029748433916579873	0.0	0.0	0.0	0.0	0.0	0.004691876322140148	0.0	0.0
devenir	0.0	0.0029226826760802736	0.0	0.0	0.0032756179109339582	0.0	0.0	0.0	0.0	0.0
parti	0.0	0.00291595226116702	0.0	0.0	0.0	0.0	0.0	0.0	0.0	0.0
intérêt	0.0	0.0028806175828724402	0.0	0.0	0.0	0.0	0.0	0.0	0.0	0.0
ailleurs	0.0	0.0028536959232194265	0.0	0.0	0.0	0.0	0.0	0.0	0.0	0.0
propre	0.0	0.0028032178113700265	0.0	0.0	0.0029928470277386927	0.0	0.0	0.0	0.0	0.0
petit	0.0	0.0	0.012120504891378338	0.007459208768009343	0.0	0.0	0.005360601828911212	0.0	0.0	0.0052449636428656575
là	0.0	0.0	0.010163953556216816	0.0	0.0026625706361666224	0.0	0.0033209704140827164	0.0037086222407177348	0.0	0.006805857625776793
saint	0.0	0.0	0.00784954392516094	0.0	0.0	0.0	0.0053555965984453755	0.0	0.0	0.0
bon	0.0	0.0	0.00774063053075831	0.00530314089678948	0.0041035710569296965	0.0	0.011126627325555204	0.0	0.0	0.009106714318165973
maître	0.0	0.0	0.006721512340276562	0.0	0.0	0.0	0.0	0.0	0.0	0.0
fille	0.0	0.0	0.006643717058560398	0.0	0.0	0.0	0.02292395553353254	0.0	0.0	0.0
manger	0.0	0.0	0.004943890153062217	0.0	0.0	0.0	0.0	0.0	0.0	0.0
coup	0.0	0.0	0.004714394071999533	0.0	0.0	0.004247637715355887	0.0	0.003835098906792817	0.0	0.0
foutre	0.0	0.0	0.004208724740844468	0.0	0.0	0.0	0.0	0.0	0.0	0.0
foi|fois	0.0	0.0	0.004080362526012797	0.0	0.0	0.0	0.0	0.0	0.0036985722140793096	0.004316074284159175
voilà	0.0	0.0	0.003998677480210825	0.0	0.0	0.0	0.003693860083787558	0.0	0.0	0.0059984211130028765
gros	0.0	0.0	0.003920882198494661	0.0	0.0	0.0	0.0	0.0	0.0	0.0
tenir	0.0	0.0	0.00381585856817784	0.0	0.0	0.0	0.0	0.0	0.0	0.0
main	0.0	0.0	0.003718614466032635	0.0	0.0	0.007462833169990636	0.0	0.008349499907182447	0.0	0.0
diable	0.0	0.0	0.0036058113075441976	0.0	0.0	0.0	0.0	0.0	0.0	0.0
cul	0.0	0.0	0.003516346733570609	0.0	0.0	0.0	0.0	0.0	0.0	0.0
plaisir	0.0	0.0	0.0034502207441118697	0.010025154125164231	0.0	0.0	0.0	0.0	0.007448954522436278	0.0
servir	0.0	0.0	0.003360756170138281	0.0	0.002569821786478575	0.0	0.0	0.0	0.0	0.0
vin	0.0	0.0	0.003302409708851158	0.0	0.0	0.0	0.0	0.0	0.0	0.0
joli	0.0	0.0	0.0032440632475640354	0.004629369687033273	0.0	0.0	0.0	0.0	0.0	0.0
bouche	0.0	0.0	0.0031662679658478713	0.0	0.0	0.0	0.0	0.0	0.0	0.0
dieu	0.0	0.0	0.0029173230643561466	0.0	0.005698398838150995	0.008071821311092534	0.0	0.0	0.0	0.0
vieux	0.0	0.0	0.002901764008012914	0.0	0.0	0.0	0.0	0.0	0.0	0.0
con	0.0	0.0	0.0028900947157554893	0.0	0.0	0.0	0.0	0.0	0.0	0.0
messieurs	0.0	0.0	0.002800630141781901	0.0	0.0	0.0	0.0	0.0	0.0	0.0
garçon	0.0	0.0	0.0027967403776960925	0.0	0.0	0.0	0.0	0.0	0.0	0.0
boire	0.0	0.0	0.0027578427368380107	0.0	0.0	0.0	0.0	0.0	0.0	0.0
bout	0.0	0.0	0.002664488398778614	0.0	0.0	0.0	0.0	0.0	0.0	0.0
payer	0.0	0.0	0.002664488398778614	0.0	0.0	0.0	0.0	0.0	0.0	0.0
comment	0.0	0.0	0.0025750238248050256	0.0	0.0	0.0	0.0	0.0	0.0	0.004786141780453739
baiser	0.0	0.0	0.002559464768461793	0.0	0.0	0.0	0.0	0.0	0.0	0.0
corps	0.0	0.0	0.0025516852402901764	0.0	0.0	0.0	0.0	0.0	0.0	0.0
duc	0.0	0.0	0.0025322364198611352	0.0	0.0	0.0	0.0	0.0	0.0	0.0
moine	0.0	0.0	0.0025166773635179026	0.0	0.0	0.0	0.0	0.0	0.0	0.0
passer	0.0	0.0	0.0024777797226598207	0.0	0.0	0.0	0.004424623731799731	0.008067987327854038	0.0	0.004579222117013069
jeune	0.0	0.0	0.0	0.009073452291383588	0.0	0.0	0.015443638602339445	0.0	0.0	0.0
œil	0.0	0.0	0.0	0.008638308385082706	0.0	0.008082735077062102	0.0	0.005921963897031674	0.0062172113133190385	0.0
air	0.0	0.0	0.0	0.007914004334594783	0.0	0.0	0.0	0.0	0.0	0.0
esprit	0.0	0.0	0.0	0.00536771063772445	0.0066258873350314666	0.0	0.0	0.0	0.0	0.0
goût	0.0	0.0	0.0	0.0051150464340658725	0.0	0.0	0.0	0.0	0.0	0.0
monde	0.0	0.0	0.0	0.005044861933049601	0.004137503562913128	0.0	0.0	0.0	0.0	0.005015552711659698
jouer	0.0	0.0	0.0	0.004677095147724338	0.0	0.0	0.0	0.0	0.0	0.0
grâce	0.0	0.0	0.0	0.004677095147724338	0.0	0.0	0.0	0.0	0.0	0.0
beauté	0.0	0.0	0.0	0.004452504744472269	0.0	0.0	0.0	0.0	0.0	0.0
charmant	0.0	0.0	0.0	0.004331787402724282	0.0	0.0	0.0	0.0	0.0	0.0
plaire	0.0	0.0	0.0	0.003949983717195764	0.0	0.0	0.0	0.0	0.0	0.0
agréable	0.0	0.0	0.0	0.0038882213563014452	0.0	0.0	0.0	0.0	0.0	0.0
dame	0.0	0.0	0.0	0.0038826065962201434	0.0	0.0	0.0	0.0	0.0	0.0
rire	0.0	0.0	0.0	0.0037394302141469495	0.0	0.0	0.0	0.0	0.0	0.0
figure	0.0	0.0	0.0	0.003503610290732277	0.0	0.0	0.0	0.0	0.0	0.0
aimable	0.0	0.0	0.0	0.003197605866301333	0.0	0.0	0.0	0.0	0.0	0.0
jeu	0.0	0.0	0.0	0.0030067040235370744	0.0	0.0	0.0	0.0	0.0	0.0
entendre	0.0	0.0	0.0	0.0030010892634557726	0.0	0.003601542769957458	0.0	0.009383752644280296	0.0	0.005224721501876897
spectacle	0.0	0.0	0.0	0.0029814376031712165	0.0	0.0	0.0	0.0	0.0	0.0
talent	0.0	0.0	0.0	0.0029674007029679623	0.0	0.0	0.0	0.0	0.0	0.0
gens	0.0	0.0	0.0	0.0029561711828053586	0.0	0.0	0.0	0.0	0.0	0.0
amour	0.0	0.0	0.0	0.002950556422724057	0.0	0.0	0.0	0.0	0.020389779038304374	0.0
amuser	0.0	0.0	0.0	0.002888794061829738	0.0	0.0	0.0	0.0	0.0	0.0
fleur	0.0	0.0	0.0	0.002874757161626484	0.0	0.0	0.0	0.0	0.0	0.0
amant	0.0	0.0	0.0	0.002869142401545182	0.0	0.0	0.0	0.0	0.005286300909684978	0.0
art	0.0	0.0	0.0	0.002843875981179324	0.0	0.0	0.0	0.0	0.0	0.0
sourire	0.0	0.0	0.0	0.002725966019471988	0.0	0.0	0.0	0.0	0.0	0.0
ton	0.0	0.0	0.0	0.002681047938821574	0.0	0.0	0.0	0.0	0.0	0.0
nature	0.0	0.0	0.0	0.0	0.009132368443674302	0.0	0.0	0.0	0.0	0.0
loi	0.0	0.0	0.0	0.0	0.006539924986540106	0.0	0.0	0.0	0.0	0.0
vertu	0.0	0.0	0.0	0.0	0.006028675229723066	0.0	0.0	0.0	0.005227805641952138	0.0
mal	0.0	0.0	0.0	0.0	0.004689472326910287	0.0033898157101478377	0.0	0.0	0.0	0.004309326903829588
enfant	0.0	0.0	0.0	0.0	0.004049279047356205	0.0	0.01956544589095605	0.0	0.0	0.0
vérité	0.0	0.0	0.0	0.0	0.00402213304256946	0.0	0.0	0.0	0.0	0.0
religion	0.0	0.0	0.0	0.0	0.003924859858750288	0.0	0.0	0.0	0.0	0.0
humain	0.0	0.0	0.0	0.0	0.00391581119048804	0.0	0.0	0.0	0.0	0.0
idée	0.0	0.0	0.0	0.0	0.003755197328833129	0.0	0.0	0.0	0.0034177949289616754	0.0
vie	0.0	0.0	0.0	0.0	0.003687332316866265	0.00820278650272735	0.0	0.0	0.005196051068040024	0.0
société	0.0	0.0	0.0	0.0	0.003594583467178218	0.0	0.0	0.0	0.0	0.0
principe	0.0	0.0	0.0	0.0	0.003571961796522597	0.0	0.0	0.0	0.0	0.0
besoin	0.0	0.0	0.0	0.0	0.0034973102833590467	0.0	0.0	0.0	0.0	0.0
vice	0.0	0.0	0.0	0.0	0.0033185990851796387	0.0	0.0	0.0	0.0	0.0
âme	0.0	0.0	0.0	0.0	0.003286928746261769	0.004049007174709749	0.0	0.0	0.010495722324635366	0.0
sage	0.0	0.0	0.0	0.0	0.0032326367366882778	0.0	0.0	0.0	0.0	0.0
naître	0.0	0.0	0.0	0.0	0.003180606894180349	0.0	0.0	0.0	0.0	0.0
vrai	0.0	0.0	0.0	0.0	0.0031014310468856746	0.0	0.0	0.0	0.0	0.0
exemple	0.0	0.0	0.0	0.0	0.003087858044492302	0.0	0.0	0.0	0.0	0.0
livre	0.0	0.0	0.0	0.0	0.003019993032525438	0.0	0.0	0.0	0.0	0.0
ouvrage	0.0	0.0	0.0	0.0	0.0029679631900175092	0.0	0.0	0.0	0.0	0.0
mœurs	0.0	0.0	0.0	0.0	0.0028729521732639	0.0	0.0	0.0	0.0	0.0
espèce	0.0	0.0	0.0	0.0	0.0027055518104123024	0.0	0.0	0.0	0.0	0.0
utile	0.0	0.0	0.0	0.0	0.002592443457134196	0.0	0.0	0.0	0.0	0.0
droit	0.0	0.0	0.0	0.0	0.002533627113429581	0.0	0.0	0.0	0.0	0.0
naturel	0.0	0.0	0.0	0.0	0.0025223162781017705	0.0	0.0	0.0	0.0	0.0
objet	0.0	0.0	0.0	0.0	0.0025110054427739596	0.0	0.0	0.0	0.005339782297326432	0.0
mort	0.0	0.0	0.0	0.0	0.0	0.010226198713485268	0.0	0.0	0.0	0.0
malheureux	0.0	0.0	0.0	0.0	0.0	0.009706703453333828	0.0	0.0	0.0	0.0
ciel	0.0	0.0	0.0	0.0	0.0	0.00757415358288023	0.0	0.0	0.0	0.0
larme	0.0	0.0	0.0	0.0	0.0	0.007425726365694105	0.0	0.0	0.0	0.0
mourir	0.0	0.0	0.0	0.0	0.0	0.007165978735618385	0.0	0.0	0.0	0.0
douleur	0.0	0.0	0.0	0.0	0.0	0.006801458952234812	0.0	0.0	0.0	0.0
crime	0.0	0.0	0.0	0.0	0.0	0.006615924930752155	0.0	0.0	0.0	0.0
affreux	0.0	0.0	0.0	0.0	0.0	0.006314704989992077	0.0	0.0	0.0	0.0
bras	0.0	0.0	0.0	0.0	0.0	0.00584541305330065	0.0	0.005775087768686417	0.0	0.0
cœur	0.0	0.0	0.0	0.0	0.0	0.005825768274555428	0.0	0.0	0.024960766388284903	0.0
malheur	0.0	0.0	0.0	0.0	0.0	0.005522365580601435	0.0037163836208838237	0.0	0.0	0.0
cruel	0.0	0.0	0.0	0.0	0.0	0.005402314154936187	0.0	0.0	0.0	0.0
tomber	0.0	0.0	0.0	0.0	0.0	0.005173125069575258	0.0	0.0	0.0	0.0
écrier	0.0	0.0	0.0	0.0	0.0	0.005094545954594368	0.0	0.004090092185169999	0.0	0.0
père	0.0	0.0	0.0	0.0	0.0	0.005057439150297837	0.03476883343093533	0.0	0.0	0.0
sang	0.0	0.0	0.0	0.0	0.0	0.004651447056229905	0.0	0.0	0.0	0.0
horreur	0.0	0.0	0.0	0.0	0.0	0.0046492643030359914	0.0	0.0	0.0	0.0
ami	0.0	0.0	0.0	0.0	0.0	0.004494288826268125	0.006566862371177881	0.0	0.006411081343519309	0.02156462753336017
dernier	0.0	0.0	0.0	0.0	0.0	0.004487740566686384	0.0	0.0	0.0	0.0
infortuné	0.0	0.0	0.0	0.0	0.0	0.0044309889836446304	0.0	0.0	0.0	0.0
jeter	0.0	0.0	0.0	0.0	0.0	0.004334947843112431	0.0	0.004702076053275235	0.0	0.0
sein	0.0	0.0	0.0	0.0	0.0	0.004306572051591555	0.0	0.0	0.0	0.0
désespoir	0.0	0.0	0.0	0.0	0.0	0.004169058600374997	0.0	0.0	0.0	0.0
coupable	0.0	0.0	0.0	0.0	0.0	0.00406210369387323	0.0	0.0	0.0	0.0
vivre	0.0	0.0	0.0	0.0	0.0	0.003935504008626241	0.004221911897933341	0.0	0.003354285781137449	0.0
perdre	0.0	0.0	0.0	0.0	0.0	0.0039289557490445	0.0	0.0	0.0	0.0
arracher	0.0	0.0	0.0	0.0	0.0	0.003909310970299278	0.0	0.0	0.0	0.0
voix	0.0	0.0	0.0	0.0	0.0	0.0036670253657748665	0.0	0.0	0.0	0.0
instant	0.0	0.0	0.0	0.0	0.0	0.0036321013146722488	0.0	0.0	0.003172114804483746	0.0
mot	0.0	0.0	0.0	0.0	0.0	0.0036233703018965944	0.0	0.004530720570205769	0.0	0.0
oser	0.0	0.0	0.0	0.0	0.0	0.003540425680527877	0.0	0.0	0.0	0.0
moment	0.0	0.0	0.0	0.0	0.0	0.003466212071934814	0.0	0.006264674863170607	0.004412214480419963	0.0052134758679942515
héler	0.0	0.0	0.0	0.0	0.0	0.003271947037676503	0.0	0.0	0.0	0.0
mère	0.0	0.0	0.0	0.0	0.0	0.0	0.01957795896712064	0.0	0.0	0.0
fil|fils	0.0	0.0	0.0	0.0	0.0	0.0	0.012833410914405553	0.0	0.0	0.0
frère	0.0	0.0	0.0	0.0	0.0	0.0	0.009064472373630443	0.0	0.0	0.0
maison	0.0	0.0	0.0	0.0	0.0	0.0	0.009064472373630443	0.0047510347627236545	0.0	0.0
famille	0.0	0.0	0.0	0.0	0.0	0.0	0.007993353053941369	0.0	0.0	0.0
sœur	0.0	0.0	0.0	0.0	0.0	0.0	0.0060813550159917115	0.0	0.0	0.005004307077777053
fortune	0.0	0.0	0.0	0.0	0.0	0.0	0.005485732590557132	0.0	0.0	0.0
apprendre	0.0	0.0	0.0	0.0	0.0	0.0	0.005405648903103744	0.0	0.0	0.0
nom	0.0	0.0	0.0	0.0	0.0	0.0	0.00534808875274662	0.0	0.0	0.0
pauvre	0.0	0.0	0.0	0.0	0.0	0.0	0.0052229579911007	0.0	0.0	0.0
mariage	0.0	0.0	0.0	0.0	0.0	0.0	0.005070298461892678	0.0	0.0	0.0
oncle	0.0	0.0	0.0	0.0	0.0	0.0	0.0041968857456041566	0.0	0.0	0.0
parent|parents	0.0	0.0	0.0	0.0	0.0	0.0	0.003979158220340256	0.0	0.0	0.0
soin	0.0	0.0	0.0	0.0	0.0	0.0	0.00392410068521605	0.0	0.0	0.0
parler	0.0	0.0	0.0	0.0	0.0	0.0	0.0036212842420329243	0.0	0.0	0.014050294972976742
ici	0.0	0.0	0.0	0.0	0.0	0.0	0.003568729322141638	0.0036678233161773857	0.0	0.005701536378501047
âge	0.0	0.0	0.0	0.0	0.0	0.0	0.003506163941318678	0.0	0.0	0.0
époux	0.0	0.0	0.0	0.0	0.0	0.0	0.0034085619472348605	0.0	0.0	0.0
revenir	0.0	0.0	0.0	0.0	0.0	0.0	0.0034085619472348605	0.004230848474834204	0.0	0.0
argent	0.0	0.0	0.0	0.0	0.0	0.0	0.0033910436406044317	0.0	0.0	0.0
partir	0.0	0.0	0.0	0.0	0.0	0.0	0.003386038410138595	0.0	0.0	0.0
cher	0.0	0.0	0.0	0.0	0.0	0.0	0.0033159651836168797	0.0	0.004273497131224941	0.011704455745056982
ainsi	0.0	0.0	0.0	0.0	0.0	0.0	0.003168310884874694	0.0	0.0	0.0
heure	0.0	0.0	0.0	0.0	0.0	0.0	0.0	0.009434751299955734	0.0	0.005199981107335077
porte	0.0	0.0	0.0	0.0	0.0	0.0	0.0	0.008855406571482776	0.0	0.0
sortir	0.0	0.0	0.0	0.0	0.0	0.0	0.0	0.008016988672178602	0.0	0.0
nuit	0.0	0.0	0.0	0.0	0.0	0.0	0.0	0.007602879588094058	0.0	0.0
entrer	0.0	0.0	0.0	0.0	0.0	0.0	0.0	0.007196930288917584	0.0	0.0
arriver	0.0	0.0	0.0	0.0	0.0	0.0	0.0	0.007003135397350926	0.0	0.0
chambre	0.0	0.0	0.0	0.0	0.0	0.0	0.0	0.006344232766024287	0.0	0.0
apercevoir	0.0	0.0	0.0	0.0	0.0	0.0	0.0	0.005924003843258692	0.0	0.0
lever	0.0	0.0	0.0	0.0	0.0	0.0	0.0	0.005516014597855201	0.0	0.0
arrêter	0.0	0.0	0.0	0.0	0.0	0.0	0.0	0.005050906858095221	0.0	0.0
rester	0.0	0.0	0.0	0.0	0.0	0.0	0.0	0.004869351643890667	0.0	0.0
regarder	0.0	0.0	0.0	0.0	0.0	0.0	0.0	0.004700036107048218	0.0	0.0
chercher	0.0	0.0	0.0	0.0	0.0	0.0	0.0	0.004669436913642956	0.0	0.0
lit	0.0	0.0	0.0	0.0	0.0	0.0	0.0	0.004600078741924363	0.0	0.0
conduire	0.0	0.0	0.0	0.0	0.0	0.0	0.0	0.004277767238055605	0.0	0.0
près	0.0	0.0	0.0	0.0	0.0	0.0	0.0	0.0041961693889749066	0.0	0.0
reprendre	0.0	0.0	0.0	0.0	0.0	0.0	0.0	0.004114571539894208	0.0	0.0
suivre	0.0	0.0	0.0	0.0	0.0	0.0	0.0	0.004069692722899824	0.0	0.0
ouvrir	0.0	0.0	0.0	0.0	0.0	0.0	0.0	0.003853458422835974	0.0	0.0
alors	0.0	0.0	0.0	0.0	0.0	0.0	0.0	0.00368822277844756	0.0	0.0
aimer	0.0	0.0	0.0	0.0	0.0	0.0	0.0	0.0	0.019343549392568427	0.010327990157821225
sentiment	0.0	0.0	0.0	0.0	0.0	0.0	0.0	0.0	0.011807687615214786	0.0
bonheur	0.0	0.0	0.0	0.0	0.0	0.0	0.0	0.0	0.01085672169121518	0.0
heureux	0.0	0.0	0.0	0.0	0.0	0.0	0.0	0.0	0.008754234639560517	0.0
tendre	0.0	0.0	0.0	0.0	0.0	0.0	0.0	0.0	0.007482380389712186	0.0
sentir	0.0	0.0	0.0	0.0	0.0	0.0	0.0	0.0	0.007241714145325643	0.0
doux	0.0	0.0	0.0	0.0	0.0	0.0	0.0	0.0	0.00628239175450706	0.0
passion	0.0	0.0	0.0	0.0	0.0	0.0	0.0	0.0	0.005287972203048773	0.0
amitié	0.0	0.0	0.0	0.0	0.0	0.0	0.0	0.0	0.0052311482286797285	0.0
tendresse	0.0	0.0	0.0	0.0	0.0	0.0	0.0	0.0	0.0048250239412774365	0.0
éprouver	0.0	0.0	0.0	0.0	0.0	0.0	0.0	0.0	0.004054557700567739	0.0
peine	0.0	0.0	0.0	0.0	0.0	0.0	0.0	0.0	0.00398436337928833	0.0
jouir	0.0	0.0	0.0	0.0	0.0	0.0	0.0	0.0	0.0036083223724343557	0.0
charme	0.0	0.0	0.0	0.0	0.0	0.0	0.0	0.0	0.003583252971977424	0.0
désir	0.0	0.0	0.0	0.0	0.0	0.0	0.0	0.0	0.0035281002909721745	0.0
oublier	0.0	0.0	0.0	0.0	0.0	0.0	0.0	0.0	0.003210554551851041	0.0
vif	0.0	0.0	0.0	0.0	0.0	0.0	0.0	0.0	0.0031186334168422916	0.0
adorer	0.0	0.0	0.0	0.0	0.0	0.0	0.0	0.0	0.0030450965088352922	0.0
combien	0.0	0.0	0.0	0.0	0.0	0.0	0.0	0.0	0.003031726161924929	0.0
inspirer	0.0	0.0	0.0	0.0	0.0	0.0	0.0	0.0	0.00301668452165077	0.0
lettre	0.0	0.0	0.0	0.0	0.0	0.0	0.0	0.0	0.0	0.019191798784122065
écrire	0.0	0.0	0.0	0.0	0.0	0.0	0.0	0.0	0.0	0.012471407975853374
comte	0.0	0.0	0.0	0.0	0.0	0.0	0.0	0.0	0.0	0.011011724697886046
puis	0.0	0.0	0.0	0.0	0.0	0.0	0.0	0.0	0.0	0.00694755261269812
chère	0.0	0.0	0.0	0.0	0.0	0.0	0.0	0.0	0.0	0.0057442697872550985
adieu	0.0	0.0	0.0	0.0	0.0	0.0	0.0	0.0	0.0	0.0052382162625360705
recevoir	0.0	0.0	0.0	0.0	0.0	0.0	0.0	0.0	0.0	0.005143752937921852
lire	0.0	0.0	0.0	0.0	0.0	0.0	0.0	0.0	0.0	0.004804134794665971
marquis	0.0	0.0	0.0	0.0	0.0	0.0	0.0	0.0	0.0	0.0046579415541915855
marquise	0.0	0.0	0.0	0.0	0.0	0.0	0.0	0.0	0.0	0.004502751806611084
cousin	0.0	0.0	0.0	0.0	0.0	0.0	0.0	0.0	0.0	0.004286835636064298
hier	0.0	0.0	0.0	0.0	0.0	0.0	0.0	0.0	0.0	0.004086663352953216
mari	0.0	0.0	0.0	0.0	0.0	0.0	0.0	0.0	0.0	0.003980954394456352
