	Unnamed: 0	id	author	decade	gender	narration	0	1	2	3	4	5	6	7	8	9	10	11	12	13	14	15	16	17	18	19	20	21	22	23	24	25	26	27	28	29
0	0.0	Abbes_Voyage	Abbes	1750s	M	autodiegetic	0.08238713662291296	0.04350758847792489	0.005565422226809953	0.031161734742225493	0.021390198258233448	0.01832115144818539	0.02375138127959081	0.049575661009940764	0.06967068537835977	0.02042841194175126	0.023855290529909142	0.013272799506406294	0.009913721458103682	0.03442355651182838	0.009478569464149315	0.013655699643688542	0.030707052187175458	0.002416856385621736	0.019408641361627083	5.407242789943161e-05	0.011854560076124496	0.04618347178363752	0.06969190308386221	0.005640269160278703	0.053282834614446814	0.045577018684911666	0.15686911847824353	0.038749300149420345	0.03990804796971485	0.00929784513701611
1	1.0	Anonym_Suzon	Anonym	1770s	X	autodiegetic	0.10735476062140116	0.04641149745931787	0.014739367154297469	0.05672260361814225	0.024644968013474704	0.030830865038798942	0.020490547199020482	0.010341171683508569	0.04711782650935886	0.035042824894128924	0.018468875721958627	0.01379676959616156	0.02871236711528645	0.008986626671430478	0.051877115452980266	0.011199034068278615	0.024820589788730592	0.03442843166158775	0.05958779988519808	0.0006076441581074653	0.010012131562813796	0.05149500287174544	0.042042081162584614	0.030632850511934005	0.0304861552850395	0.02404995843887811	0.02504885249625929	0.04465874838963839	0.0903219724823215	0.005070560487616314
2	2.0	Anonyme_Etourdi	Anonyme	1780s	U	autodiegetic	0.0844982421853196	0.025529756741061192	0.007581400454800531	0.06423080833373059	0.012954024031067051	0.08544826728806917	0.049633994912926575	0.0034704662996973123	0.04617684290678662	0.009317303310955209	0.010423187099222476	0.034914117816627344	0.03063594631912713	0.006722700133497903	0.05956170659895095	0.016055938589018146	0.046399505998002334	0.0007110116763901041	0.03569890297734895	0.00011221608989155207	0.006903870885571862	0.04676206053608683	0.12130604566315875	0.033979177812464414	0.03367625160492038	0.022609073212013626	0.026538694401487296	0.019240887809607404	0.04592278319742365	0.012984815114775115
3	3.0	Anonyme_Zoloe	Anonyme	1700s	U	heterodiegetic	0.03996279378787923	0.037394842211154786	0.023292647914449783	0.14470895419367535	0.042245089485768016	0.03221864176937965	0.07078153242717122	0.03609204877619163	0.02521773781742397	0.015103290398702384	0.01687647475336017	0.013669303223716671	0.024679341606944242	0.018063274263220103	0.03765611762453611	0.03935733056321766	0.01930866896804095	0.002132577829853205	0.005408725909576129	0.008335125059853586	0.016820063935858887	0.02664618003458692	0.04936978004464007	0.007853232472472207	0.09991299473471876	0.03324945049773572	0.03075326903393833	0.01486461531501664	0.03968835833118936	0.028337537015728283
4	4.0	Arnaud_Epoux	Arnaud	1760s	M	2	0.04671142633244176	0.010549223974312507	0.0067600725725872465	0.002698432983749425	0.0060454066077771035	0.06681114275682534	0.004750204908685721	0.002243545809004505	0.02383864759502397	0.00198266419272874	0.014284867882538053	0.013676807712117687	0.009471031810854309	0.0043822170435396934	0.08655717674317616	0.04003789513137055	0.07708550438940437	0.0006878774273816827	0.006560551400524458	0.4455077505936412	0.014328121635386503	0.0184135824564904	0.009999685658007618	0.029537597105731974	0.008855398289767566	0.01838681596961024	0.00735590826591592	0.01038954289173201	0.010046378532919484	0.00204452132675388
5	5.0	Arnaud_Sentiment	Arnaud		M	heterodiegetic	0.0679556368321369	0.018942643866833808	0.03760984036218258	0.005554362088750541	0.005521605917105175	0.16059849022444278	0.01079860098759881	0.005594918894736377	0.019183113662114615	0.0036977569838196798	0.014986266473219004	0.02326887273074735	0.013210153421423593	0.015016630102013226	0.02780691773878773	0.1162842656066277	0.19094063135179484	0.0004489401054201653	0.006452866741088071	0.003173481745593142	0.018429628641529885	0.03908758578174239	0.04698529254734902	0.049797582496249326	0.025292560205317376	0.02074439699309393	0.009426299731115934	0.017081878131626586	0.013505951856322213	0.012602827779217413
6	6.0	Beauharnais_Lettres	Beauharnais	1770s	F	epistolary	0.08274255613803637	0.009743072209653309	0.011048416349848269	0.0015649379632517665	0.005454410951608211	0.2275236139781128	0.004566857903584562	0.0010549221194019814	0.04084347637114654	0.0012832722418937939	0.005795685566560243	0.06955285136888198	0.009364028099201513	0.013147689199410536	0.07317781416755112	0.059279497247657915	0.09513437729298137	0.0004138474331622488	0.009294017969088318	0.00020729354212968508	0.009865433594618346	0.08809234067093093	0.036541615420634915	0.03070267317682335	0.02713911033240012	0.05220718171822517	0.0032298140047528475	0.01269833996265601	0.008120399468356534	0.010210453537439296
7	7.0	Beaumont_Clarice	Beaumont	1760s	F	epistolary	0.09317419009044484	0.0585612200626986	0.046096124790289364	0.008995328440534347	0.04416115487207223	0.010683697057507805	0.030379889240561387	0.04272946556352402	0.03208443284402957	0.01244493075613831	0.00742925464988577	0.004265286074810654	0.015393287152035775	0.014951008551668594	0.06429340743855126	0.0534366092962475	0.013874261382914373	0.004757304715590075	0.016373929913483003	0.048679857664883065	0.025016062031691585	0.0928771227268157	0.02254485264880846	0.13055353787582888	0.018601792904232733	0.02936031316563353	0.02606604537111429	0.02469017468578689	0.0052007946292209365	0.0023246634029964897
8	8.0	Beckford_Vathek	Beckford	1780s	M	heterodiegetic	0.03803561116516169	0.006715874518759568	0.031599693004624764	0.053567309504634494	0.010222556776411271	0.020865519304218063	0.04082882005662858	0.18474132410704916	0.045543310107172996	0.06340541858285953	0.003750829969147078	0.008905545938485707	0.0422508210832938	0.033029780223361595	0.01483039318643649	0.01773757431264785	0.04476450426793588	0.002449171183892261	0.0187156868063056	0.00018948152667577252	0.014755461787930241	0.020713158339173657	0.01868127414360544	0.0165495819548691	0.14339268591023485	0.016199763014917462	0.004892159111040002	0.012879491137769962	0.06669643316156236	0.003090765813194861
9	9.0	Benoist_Elisabeth3	Benoist	1760s	F	epistolary	0.09355405965357057	0.009876248614277038	0.0060073799051487365	0.014200235495141813	0.010013617581872232	0.11385045492930848	0.0073361824300922735	0.0017316414638654716	0.05575461596950362	0.004222859610239379	0.019132023261440798	0.12806317860282276	0.005561319223680927	0.011737728417956584	0.10539675363740222	0.026675270507223004	0.04005644529208522	0.0006644758175673183	0.05983073499510684	0.00475279663227704	0.013894390528748869	0.048949458721587895	0.04576718745533563	0.02742287604634393	0.021675197726796536	0.03855183829991419	0.01644288660063161	0.017705189235038023	0.02122819003362875	0.029944763311392363
10	10.0	Benouville_Pensees	Benouville	1750s	F	epistolary	0.07625461999976746	0.02342804766274741	0.013754102005827391	0.00794143011713707	0.011048784022639802	0.06499336158183536	0.0034099603786263725	0.0053807188049200035	0.1602006451770118	0.0037756621418843744	0.06715150877135942	0.03294414678553727	0.019449742956187274	0.00988703302340368	0.05873155985784384	0.022435868247529286	0.01840569805795849	0.0005768376400481816	0.019038315174217103	0.0005317201309798272	0.0699401325465001	0.046814859815327715	0.07320434895465322	0.01877522427953314	0.0156380638314745	0.07375418488926079	0.02623995710840083	0.04381889833731916	0.011005638153246379	0.00146892954682284
11	11.0	Bernardin_Paul	Bernardin	1780s	M	homodiegetic	0.020534246927100017	0.04640709107055902	0.01765256764985411	0.007625089975598189	0.006819769356939149	0.02591010760004036	0.024862173483593326	0.2269349440073029	0.03627713869334213	0.016340486081748887	0.04112188450151827	0.0204201830486102	0.03158377911891711	0.011566300913064374	0.03369859153173642	0.01552666078593235	0.03407504556273901	0.0006560406416302198	0.012485503326407878	4.862172837919436e-05	0.022952349741090304	0.07317963482402387	0.019154096652336226	0.047140558143269534	0.049357273497414415	0.019566261457363083	0.06635717368352922	0.029500561020114575	0.04143802269545318	0.000807842280392486
12	12.0	Berquin_Enfants	Berquin	1740s	M	mixed	0.01902205081470748	0.02057566242050736	0.004307840444390677	0.027065308905098763	0.006193485755001329	0.011863554762025849	0.03385225923000148	0.052942774224990746	0.1893390379538576	0.13807020985817267	0.009684566509277568	0.014419447724456188	0.01494628246717296	0.006377852477564785	0.013157199515580585	0.008214205842407042	0.028435617318648094	0.005839655171518778	0.014833265188527213	5.6062168269749486e-05	0.006557654785747782	0.04406246078323519	0.012509022094428465	0.10989672389310846	0.03992949771689034	0.018835076225276727	0.0039925116894324285	0.028231819347006217	0.11427533030626885	0.002513564406428639
13	13.0	Cazotte_Diable	Cazotte	1770s	M	autodiegetic	0.060468233403519624	0.02539373292924551	0.006890575976729628	0.04418068745144591	0.010753274065307995	0.05373149417787794	0.03412795107772799	0.025777597909909997	0.047801108693332366	0.017398926540771856	0.0210324551259838	0.013454493931595788	0.07023576520128896	0.02928934484040848	0.058350492999683375	0.023103827670036884	0.04995576173450349	0.0010754070897288149	0.006590758469266093	0.0002635164922769941	0.010506328408006159	0.03491325208619765	0.06748787105471298	0.020316436172640697	0.09320613321910168	0.02733847979085761	0.016573381416132557	0.025213616981543882	0.10363544667648142	0.0009336484136839346
14	14.0	Charriere_Femmes	Charriere		F	heterodiegetic	0.036153117782361785	0.03930227787168483	0.009174112268398356	0.01920477524545485	0.01094659314854205	0.031659696538789736	0.013824624762358026	0.014063656654728524	0.13587109636304354	0.018994653648816983	0.02422617103392181	0.032624583360487916	0.02897526878884295	0.019538798351161502	0.05162306556745385	0.009594095091717759	0.03478673987706059	0.0008110047440640639	0.04979767992165722	0.0004429743638347918	0.018766513851809732	0.041497409517913565	0.05904720137393375	0.0522547977503565	0.02007774063669476	0.04467452380753205	0.026880243452979832	0.05576328052395688	0.07577144187346457	0.023651861826977257
15	15.0	Charriere_Lausanne	Charriere	1780s	F	autodiegetic	0.03139847436736185	0.030718819245167086	0.0072448581221455435	0.008702948191558566	0.008259239040617724	0.03796084446365783	0.013260310207099998	0.006552324373401892	0.16177864605412204	0.010910620337367682	0.011159382954845877	0.05747222954829154	0.01450514727621645	0.01165626643056825	0.043099024213270616	0.013288731924108696	0.043666882041695616	0.0005109493863276009	0.03324012208197121	5.6662064898289136e-05	0.0067248491705584	0.0682158438680834	0.09215541152757968	0.07715596170684477	0.010939382349727423	0.05483124501805809	0.030705478174220733	0.028730907565921775	0.08351455122456168	0.001583887069749734
16	16.0	Constant_Laure1	Constant	1780s	M	epistolary	0.05648150120956385	0.030648399210375783	0.0020008741992145977	0.006761645977522914	0.004388907781271164	0.03653711004661209	0.011309033442489168	0.03508552375213855	0.15614512987925053	0.004500766324729795	0.016773093647536704	0.0736836089579502	0.014637431884684356	0.019299765921944437	0.0490509188630726	0.013394271570145907	0.017160313856083156	0.0010025041281216227	0.02078425793865616	0.00029472332900048006	0.0052951640180359345	0.11292312973717986	0.15985926142172294	0.0270307702907603	0.00680055565168932	0.03201507915127343	0.02761632998075022	0.02286742696132211	0.03445619162564595	0.001196309241255972
17	17.0	Constant_Laure2	Constant	1780s	M	epistolary	0.051073112643468484	0.011191983168934385	0.0018733054106734814	0.008295194591904217	0.007811418169231167	0.032089438840666416	0.011871109130258932	0.009140007747529023	0.18043410275541555	0.006858692717006978	0.007132057012419375	0.0895491145385632	0.019452154918721744	0.012752581418936187	0.049680573811310816	0.008209692537535222	0.028380831839721007	0.0007229677883720277	0.07508584783803902	5.7428542719673496e-05	0.003156993182304423	0.08325342738646206	0.15799528997967618	0.03043248266093129	0.013214003861101978	0.02469313313690121	0.015914087828784455	0.010110535055550136	0.047394868818398814	0.0021735626684625696
18	18.0	Cottin_Claire	Cottin	1720s	F	epistolary	0.03279811672024553	0.009500310043634065	0.0020180126221412413	0.004164682359141655	0.012017691888708016	0.1492159765266196	0.024424766589253636	0.010510652626878468	0.07860790707904322	0.0024526479700325296	0.015913994445025274	0.103957655843075	0.004852976862035822	0.017749942177701553	0.02791330483444577	0.044827595789602916	0.123736725152829	0.0003816534733646862	0.0047369378242931495	5.2920741200693454e-05	0.012934762288637764	0.06915410098959815	0.038870648852039655	0.024978226409518058	0.07492043753770902	0.044752318048272406	0.0035917623502613725	0.032191532542270286	0.02718548864296253	0.0015862507694589648
19	19.0	Crebillon_Nuit	Crebillon	1750s	M	dialogue novel	0.17283279372459334	0.0040425729492338395	0.002383522863705432	0.008627559193885118	0.013377419152991257	0.09111484019036564	0.008506277702960658	0.0009260731672913613	0.3270930979777518	0.01451798502522045	0.007635694334030515	0.00895867348609857	0.008216284586039431	0.005911488364281114	0.0622049366872556	0.026356595053394327	0.02673167861070316	0.0004159089824844189	0.010419997123388494	0.00016455078999143754	0.006972451179396529	0.018993884393928958	0.07049552298149091	0.0047894495887945785	0.009019228101862302	0.031929718655111385	0.003737358717039184	0.0099008271364162	0.04015707049736547	0.0035665387829285624
20	20.0	Diderot_Jacques	Diderot	1780s	M	dialogue novel	0.0241348295373776	0.028434814654645337	0.0056333182316955785	0.01873382467904945	0.01472561162613147	0.01874041666424056	0.003255916551707991	0.004599274343895374	0.13962515785466048	0.24055996628235254	0.008821829750609494	0.017489467653150022	0.04139356683231575	0.008987622925212409	0.03949308611213207	0.021267652929123502	0.04074597817540199	0.0016557574585009645	0.02369158489375577	0.0006646595238352113	0.010035118261382682	0.022078896887787424	0.02794672209355923	0.030250686670303475	0.022928269824708587	0.022218410767921058	0.017881514580109864	0.01861346514834865	0.10130078781959236	0.02409179126649316
21	21.0	Diderot_Neveu	Diderot	1760s	M	dialogue novel	0.01593376227121204	0.04029329804092334	0.011665040509116422	0.048565674110488566	0.01916349213023855	0.01361832595649337	0.019715858370465373	0.011156038734765915	0.15123187728899296	0.15459494329542914	0.03795175140528043	0.009570894887366382	0.008890628577825837	0.007160172738196223	0.026500137209935246	0.02060094890058799	0.029851003455610817	0.00272528981413652	0.01804605720854024	0.0001414818443821809	0.012887453199920691	0.01931794679331672	0.03770209583479167	0.01550189782052122	0.04357782008565609	0.0420109649826283	0.07519240080661915	0.057835309363176976	0.044670189134976335	0.00392724522840544
22	22.0	Diderot_Religieuse	Diderot	1780s	M	autodiegetic	0.03811075740881558	0.01094989703834962	0.002622391331715144	0.0071325773672415126	0.01746806115691401	0.020456070640946462	0.010186662571089272	0.006370765186145802	0.07689025041181323	0.013537815946225005	0.017238808756601727	0.04731168239966778	0.010280087615708674	0.009745576199583602	0.07697868975026845	0.028059989472805073	0.09727049442387348	0.001368004612021843	0.03582493804392137	0.0010939292211692602	0.02396232206124504	0.040369925460434816	0.028931896438660887	0.04399525438726898	0.03602261115852472	0.03594808169774818	0.027419504661904282	0.02538113809687245	0.20331287263073047	0.005758943851733279
23	23.0	Diderot_Supplement	Diderot	1790s	M	dialogue novel	0.012272822807256271	0.028515780942367938	0.009133033302239696	0.007323773863328319	0.018957658504496988	0.03014572289531838	0.0117042068719691	0.05411545587121922	0.06921876703984775	0.02371200692965865	0.19483800005940766	0.00937534516768006	0.03935641103846579	0.004277045376100996	0.037672743629134336	0.04787801357994306	0.03249894289318861	0.004955336397984201	0.010529592438279427	5.203671684738708e-05	0.014293548225037641	0.026324219643673246	0.041072267725823085	0.10129399591990608	0.026992270762796252	0.055571468050961186	0.017109055784116724	0.04497279412064732	0.024267192616176804	0.0015704908261278904
24	24.0	Doppet_Memoires	Doppet	1780s	M	autodiegetic	0.06837094049064538	0.09001127770984622	0.00855341231356728	0.015564738494083491	0.013747225602060473	0.06709663516741622	0.012146689422286656	0.019785150006371568	0.03504512312781244	0.012646540182211731	0.028229852674216776	0.031387809740602894	0.026187226752694973	0.010938349902287458	0.035476694419038814	0.04612077939821568	0.056241352324687514	0.0010344673437283323	0.021060915911625757	0.002273729450303663	0.03840640364656276	0.09640877176219943	0.05319512043386973	0.032221798946435766	0.02825401343195249	0.03182113615904583	0.03936295829754921	0.041061854958945036	0.034827057997964546	0.0025219739317719537
25	25.0	Dorat_Sacrifices	Dorat	1770s	M	epistolary	0.04098991607122473	0.006856558986060765	0.005666628726055409	0.008765532052610846	0.011497581542962751	0.2344183597963637	0.01326980325370959	0.008463916642027869	0.07502216508777018	0.0027275449112893787	0.0216917223551959	0.0767991404437792	0.0067160622051426035	0.010965253109213449	0.043222348921341136	0.06457842127719786	0.06741039626366348	0.0004509688439060037	0.00733032581656803	0.00016017909907620884	0.00751720954918369	0.07608098695894341	0.0481917128215592	0.007233150165232826	0.03593890023232594	0.05288206075701825	0.0074523008066826	0.015237537542815906	0.02222394845717789	0.020239367303901364
26	26.0	Duclos_Acajou	Duclos	1740s	M	heterodiegetic	0.1162288315658102	0.0044668487215942685	0.026305643523742157	0.016740354317417376	0.003380875358309845	0.05274122721109953	0.04166220782440408	0.031225093127340318	0.04990848315975824	0.03273097391351113	0.009192698248460952	0.01085203176482315	0.03886849006946829	0.04617989576127657	0.04329798422673303	0.016556975969511795	0.024743208833918853	0.0001783638149754891	0.032039928291296066	5.229323871031347e-05	0.005302570308719074	0.04239931527914093	0.12430116470061887	0.011213920404548364	0.0314210632561064	0.019102563711308373	0.018614232731921185	0.12753163905829942	0.022246124007220338	0.0005149975999554606
27	27.0	Ducray_Cinquante1	Ducray	1790s	M	heterodiegetic	0.041373732325125305	0.041740930371193495	0.0026606625943731725	0.029305374299923838	0.02484555998993569	0.04742135856065415	0.008742369728441531	0.0030748699512670907	0.09439889048280788	0.022654308372761604	0.0076224699977319845	0.028262069524934333	0.013955670385900669	0.016540373721823445	0.060789555757145675	0.02654478458281543	0.053677786837727136	0.0017465867129356823	0.012906677575071841	0.0007461158833912168	0.012772456441743714	0.11634019311132038	0.06856269763606422	0.13417767177520648	0.012713260716071116	0.02228859758278259	0.012386963848832748	0.017914534248969483	0.058471659246097936	0.0053618177369502175
28	28.0	Dulaurens_Imirce	Dulaurens	1760s	M	autodiegetic	0.026676977639566158	0.022971848683015054	0.0200715870909506	0.023881686001747563	0.013110140092961495	0.027615899883722088	0.043343097476885264	0.025310204827308426	0.04861656903303527	0.2300085736066753	0.036733656452370124	0.011523158563267058	0.01949946569657001	0.009868483220174008	0.011338257471229657	0.017030028053181663	0.027854536821774283	0.005942351332461136	0.05887335727536761	0.000439751800258812	0.028214874922296337	0.022582654732242483	0.03230042450913514	0.061232723300517676	0.030567673244235014	0.01576748883147305	0.05101136171573012	0.03046999258311625	0.039595010452880566	0.007548164685851824
29	29.0	Duras_Edouard	Duras	1770s	F	autodiegetic	0.02358424050723625	0.012309070175369669	0.008921175327450622	0.005048584832541657	0.006341535473938626	0.0874700404448134	0.007870031679281384	0.02971400109261329	0.07519719918668658	0.0033548811384949127	0.02073104156051684	0.021553375999244527	0.010368370576965736	0.04177879517782965	0.025993910237908358	0.03059116981934808	0.08419250272279398	0.0002723442464157397	0.07153437425364276	5.373896262863299e-05	0.011608998714057088	0.1687816776601938	0.05221164262563235	0.029042407535572187	0.0316527777157265	0.040954281280667394	0.015264353614882887	0.023544434261066446	0.0567432678707221	0.0033157753057586194
30	30.0	Duras_Ourika	Duras	1770s	F	autodiegetic	0.03696217127403914	0.010020567352067387	0.0013187607835301895	0.0024821178159661053	0.007547296006523663	0.05821983823996836	0.0033501735365066066	0.01198026906583132	0.07074034148947528	0.001149472593964607	0.01859290364965754	0.011294419141882395	0.027075071848417082	0.012891348920840595	0.03576340509851142	0.030542934915715983	0.08019853063083818	0.0004213203905775685	0.025484538513743986	5.3575868047146805e-05	0.03428460420306343	0.2631961553875323	0.07683547433823168	0.0468205445395781	0.01570470394088293	0.0269529176674438	0.016430962875656787	0.041617283063041736	0.029848599646142063	0.002219697202322692
31	31.0	Fievee_Dot	Fievee	1790s	M	heterodiegetic	0.05462425965081307	0.06122241814296405	0.004805400621152907	0.01854569953008589	0.02079015989700934	0.06711566900214358	0.00878548687966039	0.003468771213514675	0.06090081938637267	0.003974485390003423	0.008294513595284209	0.05435995533881635	0.014250843160011309	0.02932400391817863	0.09431653366114323	0.018336182585329708	0.05187163648901307	0.0005721484558064494	0.005933713918980662	0.0002161806464667208	0.007568668810740425	0.14091293189698298	0.08195753945990075	0.07015742668842999	0.015101421237364932	0.025178890080255027	0.013066155642535559	0.017073884670491972	0.044394031885736165	0.0028801681448118533
32	32.0	Florian_Estelle	Florian	1780s	M	heterodiegetic	0.016865746911442492	0.018545223385400617	0.08042528917962401	0.003849149706234937	0.007144336458412705	0.05602936996718805	0.15430278895182978	0.05696404023816533	0.02735348028760009	0.0056844769200141525	0.007684635998795466	0.02136509311799242	0.05434710232848153	0.01783079668811733	0.02324692309634182	0.011359210700836769	0.13319355351440296	0.0004881473240971543	0.014848771503820803	0.0003126592699120262	0.0056601411259255465	0.09212284367563564	0.008462161629617406	0.037853743611178325	0.044366016757932704	0.015697479949225487	0.026806762138694613	0.010143073850543166	0.0414306079900321	0.005616373722504533
33	33.0	Florian_Galatee	Florian	1780s	M	heterodiegetic	0.031508568051009066	0.014857375540998396	0.008182208881847007	0.005253273847330688	0.0067410300864563285	0.0451089850619133	0.18487561243881304	0.04912281167399895	0.054723123274611186	0.009508803984615129	0.011320453589786691	0.026357613288508882	0.06768200446799243	0.021765701160835784	0.027097399041848852	0.01516186172804328	0.10807422968555694	0.0007521121343078919	0.01523509928809051	4.812284401183194e-05	0.004539848497874383	0.0664115939085242	0.010624883294918942	0.0399537391504276	0.03950007274716477	0.02597236236195106	0.04952678312579447	0.011665188269212838	0.04484156811644375	0.0035875704571118796
34	34.0	Fourqueux_Zely	Fourqueux		F	heterodiegetic	0.09182099611228534	0.01967108471892357	0.009322953760060069	0.0077425044757750815	0.005297721878643988	0.1094091167687892	0.006252459998253875	0.009205071961905242	0.12161444613916605	0.004041904884312151	0.01893188005586963	0.04109653339828327	0.05017268205578624	0.029128103759703133	0.06353217648381355	0.03521280902415786	0.044972638692570184	0.0008495448634798753	0.011195087156004159	0.0004715860157983453	0.02378563408086784	0.08227244548100826	0.09031607047758668	0.011001367766947259	0.014564450853518719	0.030755809814926226	0.00877057832334377	0.02906329334396967	0.02710251634369238	0.0024265313105584474
35	35.0	Genlis_Adele	Genlis	1780s	F	epistolary	0.03483320443953943	0.02128841201605297	0.007321349189131481	0.0062345592815919535	0.008098621867307344	0.055485675701582006	0.006439217973578436	0.010735716360416777	0.07544872820733291	0.006851569992508882	0.008757662217087127	0.07571836019170658	0.00926312607866938	0.10593705560973088	0.05587137657377517	0.02455597385247028	0.04458765306854405	0.0007493432666605945	0.01850655492290849	0.0002113914613351182	0.011438458072528938	0.059454070322338674	0.12467198784834425	0.03669495231216135	0.016222716335511755	0.02401143437939648	0.03545177785712096	0.05986195580286681	0.044676177825736435	0.01062091697206455
36	36.0	Genlis_Chevaliers	Genlis	1790s	F	heterodiegetic	0.03873831178274483	0.006846600607777572	0.05332076916314293	0.0035338550672042368	0.005121658408250711	0.0863158158171323	0.011570318206637287	0.0202536037613498	0.0238696508767072	0.003244032576291544	0.012370021410363571	0.019294381441203462	0.021674605754324918	0.27479373749675984	0.05085045649233933	0.036185400904066835	0.06579025088122119	0.0003211543166196993	0.00607671164360396	0.00018012993648407907	0.01032764934173092	0.056075399165916265	0.026178667641828992	0.02003506283786732	0.05891396042315453	0.01890844032856676	0.005910749085337029	0.011846195220104131	0.04557082618325002	0.005881583228018904
37	37.0	Gerard_Comte	Gerard	1770s	M	epistolary	0.05903877476740696	0.014657470809500453	0.01891997941821204	0.003226580531642073	0.00839047875877549	0.0962958792634252	0.008382995440992937	0.009880757465439658	0.034732983174970464	0.003183328384530795	0.06651058685357474	0.015557979645987591	0.0062383350373961316	0.008099273627563445	0.03971223571482708	0.02503674940861381	0.03401543949018915	0.0005147186860394372	0.005488795841098568	0.00024943006432790577	0.241447721884142	0.0580298798013054	0.031949202509113775	0.02198785246252821	0.023156207403140217	0.07413893850610406	0.019717272260039227	0.056888149847132564	0.007764715959923089	0.006787286982057534
38	38.0	Gorjy_Voyage	Gorjy	1790s	M	autodiegetic	0.07488541093847417	0.033129532007909884	0.005406396327236928	0.06730208370009197	0.014685546807762	0.04299360423984475	0.05867443433768948	0.031148892058405476	0.08118461344663422	0.06695319866058454	0.01478460728073804	0.0284371810118081	0.02544222311256996	0.019934294114717283	0.03678659361811075	0.014402857433360628	0.0165775352767078	0.0005971138646497301	0.012688123382128144	0.00020643671606913964	0.0029870741923176216	0.026305481161792058	0.07934565425842569	0.01671611137637449	0.022643972105700558	0.02829552379956023	0.04830328785548379	0.029295882669324508	0.09099055721608462	0.008895777029443493
39	39.0	Jacquant_Lettres	Jacquant	1750s	M	epistolary	0.2541957499003437	0.010830129815250694	0.0067557817768375845	0.007546608563014366	0.01239248676837538	0.1500799327775274	0.030028347661212425	0.004984273925555142	0.034225950544467365	0.0021432248464121483	0.010621421685361815	0.022331053186742302	0.009951306085743752	0.010028610170432923	0.06977060223289218	0.033074774782512244	0.02794247256203703	0.00033735427195775037	0.003945219839698087	0.0008552280058925883	0.01803876576305481	0.08025188027824955	0.10351721950549572	0.016977646671845103	0.013785811717437636	0.02237022376652233	0.004876861998678964	0.01787315777666671	0.018673535277184083	0.0015943678425983413
40	40.0	Jacquin_Parisiennes2	Jacquin	1750s	M	epistolary	0.15804947724682247	0.04435237342032315	0.008102888312442802	0.014627892548845629	0.0067079974530319395	0.0928471809449002	0.0108025684258434	0.006887114652096711	0.04406640236492944	0.00531940741857181	0.02250123431327659	0.026483170410302	0.012812607973117524	0.004717000829308857	0.061981178804501276	0.046887002919920914	0.025860651982819862	0.0003553286728173304	0.009925507316535876	0.00022467254745365517	0.016212366857628894	0.090734050229472	0.11317073052100075	0.014564937867278275	0.01736448199224428	0.031063968124646325	0.045593687308627256	0.03682061607079012	0.02762708193612264	0.003336420534328117
41	41.0	Kimber_Thompson1	Kimber	1760s	M	autodiegetic	0.12736492193460833	0.06270479666794522	0.0022598039212132245	0.018013817159647918	0.01735313534055432	0.02409182460964261	0.007684390608704557	0.012901155769917164	0.05702331007777538	0.055250692526147616	0.01832718958082825	0.034034439532979334	0.08854166241037839	0.01379201610500947	0.03685552962749914	0.022846915671774458	0.021329964415014016	0.0003078909615442311	0.02153447591822431	0.00024405606459325133	0.013304706287698613	0.03670361554092322	0.07570127117506358	0.03911248077373348	0.03150627975701335	0.02974220223888118	0.018648902873813846	0.042833591758932935	0.06815421062797197	0.0018307500619666546
42	42.0	Kimber_Thompson2	Kimber	1760s	M	autodiegetic	0.14170722151099435	0.044856511457329135	0.002279839766405421	0.0075624780341653815	0.009642757689092913	0.03862217311201576	0.012062442979202049	0.005322139426798043	0.05309683148029797	0.015386429547867831	0.008881896355608522	0.06985779831381456	0.10462412736614207	0.010542331207015693	0.04576066680439535	0.029586297742494223	0.054276816442509784	0.0005257635417248045	0.033099002291922426	0.0006158309505582387	0.01118673316604236	0.07945384909638148	0.053620748008571514	0.05044833930252076	0.01410824984652474	0.0189558751667485	0.016311237194835466	0.020132393446493844	0.04572416945441296	0.0017490492971138608
43	43.0	LaPlace_Collection	LaPlace	1780s	M	mixed	0.17332785710590656	0.0115152443017095	0.024451302745494518	0.0036158027945191492	0.0063309024785206435	0.055915658863284916	0.0076288632485800815	0.006026520293837023	0.053498330045946674	0.004936734316220419	0.0057090406241998275	0.06637019898754376	0.07033431527844095	0.012973912257846809	0.07923200650179688	0.03147308280047277	0.05812736884398913	0.0003419407959372703	0.023637804644812133	0.0006753891694939693	0.00849070408827435	0.04699246499687509	0.02917368630056989	0.03814360353465809	0.017034885020019243	0.0315994141577744	0.00846210438479017	0.020364931861969204	0.032107988889189885	0.07150794066732677
44	44.0	LaPlace_Lydia	LaPlace	1770s	M	autodiegetic	0.19987760831902976	0.02340338845712116	0.004066381639396584	0.019648895850912392	0.01879245072747601	0.06276135877368659	0.014734487419322878	0.0032879633707606037	0.05348182172856361	0.004437371698561382	0.0198916678038696	0.021190221999760846	0.02375388718109461	0.01595302613276129	0.09084742044703456	0.009615882700262838	0.015733736774833633	0.0004231858633075878	0.014529279272877903	0.00041019919719551034	0.00980786561913607	0.05506807066500975	0.14711203088565744	0.013946340394815642	0.01852427740886688	0.05092023438931551	0.02526266225008081	0.03437283745329888	0.02664725634663936	0.0014981892293503608
45	45.0	Laclos_Liaisons	Laclos	1760s	M	epistolary	0.06082252083530242	0.006921355970754128	0.0032981303005539192	0.008900638690637936	0.019101887160307914	0.08366272652674595	0.008087506827554845	0.0017758663121214214	0.1716264076196401	0.0033893262436117074	0.0078076824131843685	0.14698741096572426	0.010439840946534372	0.008191713613866232	0.11543048135070688	0.01802558391187317	0.03002255493327847	0.0003057259974621508	0.011282777278628529	7.585499890849445e-05	0.006872325690527692	0.07011711814698204	0.049436256822031406	0.0117442656424583	0.013375419612322569	0.04004927882619607	0.0066958943827210606	0.02263001719103581	0.055523073105372925	0.007400357682954863
46	46.0	Lagrave_Sophie1	Lagrave	1790s	F	epistolary	0.04913198103185467	0.005692369612705687	0.0017892413925905274	0.019430534378034083	0.009831083978517318	0.11505292468458544	0.027013311390440286	0.011644719948231205	0.08566163610019482	0.009089235345809002	0.007727291850682711	0.10842029336196364	0.02246495271523166	0.014756617770117456	0.02883327880468896	0.013178085772287086	0.07289662062217303	0.0012663545141804106	0.009461934852733918	0.0009884443976147113	0.0035222646888926445	0.07334454725207375	0.0937254765260904	0.07319818139567037	0.03912056267206137	0.02415536389076569	0.0014407169897751437	0.005601395762278289	0.0540687751065231	0.017491803191232617
47	47.0	Lagrave_Zabeth1	Lagrave	1790s	F	heterodiegetic	0.06377704047955192	0.01279078011579794	0.0020514330355987376	0.013915045770175282	0.011238847386105274	0.054545429710579914	0.011950043394071677	0.003550020498586169	0.0933599006823717	0.017821599880340704	0.006609878335923583	0.033697975123889334	0.023869233869224068	0.012378695712019116	0.038010049354659695	0.023093085283351487	0.0840803664880841	0.0005472700942307113	0.011944507769683931	5.502161323433557e-05	0.004477842761304198	0.0824804406982547	0.06262089666818238	0.17794972333069758	0.02592250084990249	0.02778169556964628	0.002501072250534565	0.01407307156380877	0.0806820972495462	0.0022244344606433208
48	48.0	Leonard_Lettres1	Leonard	1780s	M	epistolary	0.033108688788198434	0.020443703999325068	0.005264048942575875	0.006486968535645537	0.006230537381602003	0.12469222146257825	0.05282823343152422	0.0377708130730882	0.03664750151332394	0.006274246247338089	0.034113889286187325	0.04852856052197998	0.010218172333345855	0.014938608111902504	0.0243333228477429	0.019706452137744662	0.12779110590478882	0.0005591946625161393	0.0100552707790304	0.002676171925617487	0.012870622471252141	0.12613660468937454	0.026644067906039737	0.0434378114811871	0.055679782772841815	0.03824224428352163	0.008665910304220764	0.021707871673407698	0.042826495451487485	0.0011208770806114745
49	49.0	Lesuire_Aventurier1	Lesuire	1780s	M	autodiegetic	0.07983387007148245	0.01841169142107552	0.016108613688491216	0.06663622959371672	0.017611670860122844	0.03390104704417918	0.019398961248831857	0.01308443196097953	0.0523983536979392	0.027702234961335316	0.006042980284203	0.01613927083593597	0.03992625707616092	0.04221613659252453	0.04252545636281845	0.07052331734736897	0.048170683787661886	0.0028589493359031442	0.07451488616677404	0.002311839710733887	0.014120607921239476	0.03294498513939751	0.03769642361372858	0.0370555954672952	0.07090550499256447	0.01978450164242732	0.019679872995515896	0.01020889528866865	0.06152758652689923	0.0057591443640250635
50	50.0	Lesuire_Crime1	Lesuire	1780s	M	epistolary	0.0480627124948792	0.04552581504327402	0.014084113491763068	0.12360110716835028	0.01976766273265946	0.028164154942829343	0.019916235451200283	0.008232507487595903	0.1130158198886394	0.02762087914126653	0.008653540976807232	0.04184976875884529	0.01866492322148117	0.015255533755387275	0.035324912362652214	0.06023370511799778	0.021945648682370127	0.002333785008202421	0.01970151605548316	0.0005868139191068946	0.01319636401437157	0.02720622213010634	0.05344662575431025	0.07789905713928168	0.02588688934521593	0.0226139341811424	0.03429780656513794	0.017343895868522866	0.044048088999314366	0.011519960301805608
51	51.0	Loaisel_Comtesse	Loaisel	1770s	M	heterodiegetic	0.023467451078289844	0.018326455254155515	0.015504886067684829	0.00301821037378793	0.0062444698263709	0.1386452660014029	0.04977891865228635	0.04580629948906825	0.014688043801765863	0.0022715573148347893	0.01581957124132011	0.013997697542857929	0.010422973006802163	0.009759489591702988	0.018427506782917723	0.059982282842921085	0.11235484426673836	0.0002309446397465316	0.003133226507396028	4.6107707691412454e-05	0.009956508751735512	0.11926058742490353	0.010403263487889529	0.03981408200112107	0.19806406614551045	0.017984095125869317	0.00644132491361209	0.007076042586402125	0.012188652055085243	0.01688517551812976
52	52.0	Loaisel_Lucile	Loaisel	1790s	M	autodiegetic	0.023293471293997416	0.020535402974473104	0.01140292409069315	0.0021919684310820527	0.005058793683940964	0.1383772804087384	0.04455517151811067	0.042314304573451464	0.01518575191107341	0.0025678563218527696	0.013332189022391644	0.013682890670436508	0.020500718071994085	0.006125414510652947	0.01764237883469208	0.060122588722446836	0.12216748395534477	0.0005283745530504832	0.005530338790612661	0.0002742867328279576	0.009884287167180074	0.11034868954981968	0.01089639968608117	0.04297107472830897	0.2036956040074696	0.02153377253134351	0.00202791151428315	0.004694664007481338	0.016820965347074373	0.011737042389094728
53	53.0	Louvet_Annee	Louvet	1780s	M	autodiegetic	0.05393759972161288	0.01155794657783601	0.023241120906204785	0.019623196121063467	0.009931246286399386	0.04077976361501591	0.021455829083965275	0.006458043642173139	0.10819398147770723	0.018339722277927902	0.0042889120511635905	0.028949293672520637	0.06102312172835313	0.01492900954607081	0.02655464724974554	0.03176213033195326	0.04710421332277991	0.00197468450557185	0.009999380355466716	0.00013633751503386424	0.0034144443029575245	0.04470518359008376	0.019230137424054373	0.03893541375803674	0.0571123332941349	0.023303918588386447	0.007405035456862362	0.010592856366424793	0.13622847379391267	0.11883202343658128
54	54.0	Louvet_Fin	Louvet	1780s	M	autodiegetic	0.054310987308674515	0.020992384531164403	0.005747304926091517	0.015422375435445472	0.009103518600782828	0.049442111380541776	0.014656245136093184	0.004619163928275143	0.1579789340922169	0.007018368761041657	0.0071254588836961045	0.025193456579164258	0.029820560259112887	0.01710363445903634	0.040561875291936784	0.032352844017433734	0.05878921664645045	0.0004348401425653194	0.009645515516310895	0.0004761106681056842	0.005661644804648207	0.04406076353862017	0.043992023688318005	0.03727948172795068	0.03607602637633961	0.02955475626445118	0.005781373008576146	0.01617618752952285	0.07910159119674093	0.14152124530069254
55	55.0	Maistre_Voyage	Maistre	1730s	M	autodiegetic	0.035813626282640496	0.014121427138876276	0.009025176593905122	0.05151247043996148	0.012511678619744093	0.03479560666310951	0.04369010743996317	0.05948494533469066	0.05264919087400268	0.024405024080063245	0.046916573714416536	0.01338710046267635	0.01599832874084697	0.020299338620180338	0.020296480416435017	0.014058480956502866	0.03141386705196436	0.0006811668507633529	0.019823079013915675	4.91844474966017e-05	0.010841312769199694	0.09950422500071407	0.03895056121341258	0.00820338772353442	0.07424891397144262	0.02370658254556061	0.09593385768217748	0.05020422032184033	0.07516423684808501	0.0023098481818784483
56	56.0	Meissner_Histoire1	Meissner	1790s	M	heterodiegetic	0.13005001011968909	0.029039979255752326	0.04830129771751707	0.01164797336491854	0.02181954814600504	0.06933149559386106	0.04779946891627679	0.028892716788227243	0.06376056075274071	0.008081058902743205	0.014169273609513519	0.023912693118345117	0.022853619409705896	0.015783949826672368	0.04377179195978588	0.03562916308279475	0.07390949733539096	0.00016490888382072522	0.01975211320035845	4.834848160358983e-05	0.019179946177842633	0.04640356392576669	0.033578533243933346	0.028213329633631767	0.04239409178228454	0.029010473422726325	0.026694725664955017	0.022017723209019995	0.04232573014848268	0.0014624143256347128
57	57.0	Merard_Bergeries	Merard	1780s	F	dialogue novel	0.07146611205016662	0.008084898611306183	0.005341099254160228	0.006629293493697288	0.006678033022764321	0.11217769945815173	0.34939870204430296	0.007245725061478149	0.0858846263879045	0.004410247092174981	0.0065959402334755035	0.008257476666287678	0.00690745134591574	0.0146978346364586	0.02249821354524088	0.014941348118429463	0.05835097235128452	0.0004157017786110753	0.007885483011272993	4.863654350495834e-05	0.012378937124700508	0.04382329576064285	0.022650935378476438	0.015292390129830084	0.033207027556923875	0.019810803240651337	0.008611093708293776	0.012829401859808659	0.03188744450247673	0.0015931760316073044
58	58.0	Mercier_An	Mercier	1770s	M	autodiegetic	0.02405852000159736	0.06125288861594193	0.08993362319906623	0.019877461569792386	0.011719368964044994	0.03838136468472527	0.01593262989761129	0.05203255789936887	0.029697224119714982	0.0185101085320613	0.09370234205445876	0.007199429373270562	0.011648969187758604	0.01444519892463392	0.01863111130843461	0.04150171533787225	0.038447393100337166	0.0018477746023165087	0.018385970991716592	0.00011525336120229312	0.05930353170855416	0.024347307818764832	0.028503395141765593	0.011881300229381107	0.0767688559263227	0.03370811265405636	0.08156398508640138	0.04815889816255348	0.027493470955239532	0.000950236591035042
59	59.0	Mirabeau_Conversion	Mirabeau	1780s	M	autodiegetic	0.029065881839712062	0.03188162770493524	0.017370319581449627	0.1015725157891469	0.027290988688914684	0.04240878865868448	0.06327664274415327	0.012062769195466914	0.0696276590438055	0.04754560174086754	0.015243680746233506	0.01645250614441127	0.01113506057989158	0.006248096143237804	0.03016369372492345	0.029905453643869824	0.049357626227457534	0.06994973019079823	0.02715698394918741	0.0008636460881444182	0.012027038058553235	0.029855647891979864	0.05013784819752033	0.02633210479117647	0.04585750380857518	0.026244869095556345	0.018425465041535936	0.017873040005448166	0.05844323775915124	0.016223972925212046
60	60.0	Mirabeau_Rideau	Mirabeau	1720s	M	autodiegetic	0.16024160717164393	0.005198119897669465	0.005018877252325108	0.023273739814028496	0.02947549647395905	0.043693579728636536	0.06308677479758773	0.015294497440317563	0.032100170595877955	0.006040876519253791	0.051231560028924907	0.016545561678144367	0.007433905021455001	0.01245902563929573	0.033460707520753884	0.005840045671535245	0.04202369354558895	0.11077077487848584	0.0046376351813599715	0.00011495830270810891	0.007681795395831967	0.06402558617637134	0.03692599956054971	0.031404130964795315	0.031183296020698883	0.021031697735814123	0.013374472961552631	0.04522165237030861	0.07945624378459881	0.001753517869927001
61	61.0	Morelly_Naufrage1	Morelly	1750s	M	heterodiegetic	0.07450854265161437	0.02277493566842153	0.1111024149034002	0.004685540937704827	0.008723519656791471	0.07553465071261763	0.07678245752100593	0.1116824111566584	0.01873300999295998	0.0038548054818292525	0.05541725119318503	0.009353359625350756	0.032280159166199515	0.011073912023784405	0.027704488811500727	0.03346962453688887	0.02655074760453616	0.00047323971136190664	0.007461044486394284	0.00015166370836076765	0.0274692308826909	0.05112886593455985	0.024763893414335072	0.02001200030688356	0.0664757412225864	0.024091407290787518	0.014652540802674903	0.04882620541114497	0.008623835943787857	0.0016384992399830795
62	62.0	Morelly_Naufrage2	Morelly	1750s	M	heterodiegetic	0.06252776572120779	0.02544515296071128	0.09982716357700004	0.006292196342686934	0.010443282694103056	0.045279482787910816	0.017800737715344638	0.134401191202861	0.02530311218025466	0.002244839845553708	0.10233075060289884	0.007416648311430496	0.0216572542401085	0.010144928800163659	0.03126658158731209	0.05341232313205648	0.02313668516332256	0.0008762561859359468	0.0036216643339151626	0.00025054646487151757	0.07108138654099544	0.04499978137700966	0.029658733313894188	0.009894011923755237	0.06636797320424218	0.0309004487751252	0.01397274109677975	0.03772035809950181	0.010373873838342913	0.0013521279807045873
63	63.0	Nerciat_Aphrodites	Nerciat	1760s	M	dialogue novel	0.03452770697053812	0.024692049760395636	0.014104858609003734	0.2695367536141005	0.02961273551983748	0.028134479108111392	0.020123034105602854	0.015575132031409613	0.08231481434149886	0.02587022952675793	0.014549612756826253	0.01866097030861882	0.012492572082787206	0.01991431931354786	0.03971262646065689	0.0176733053496276	0.019909634082907617	0.018058238250921826	0.014796758110983532	0.0019969034725926555	0.009818871059490362	0.03216230666200196	0.023334733819614508	0.010413414823958843	0.03834482530957467	0.025433415887148952	0.019225923498687857	0.024244202142630608	0.049549159737080205	0.04521641328308579
64	64.0	Nerciat_Etourdi	Nerciat	1780s	U	autodiegetic	0.08448662001948565	0.02652139169220896	0.008246064401380922	0.06597685660943309	0.014455671716564443	0.08481610937429278	0.046218841602709296	0.0028051157571173267	0.0491875633074031	0.010510461783914612	0.01165777160259742	0.03397306366981954	0.02927844952682141	0.008669112794400751	0.05764206815857666	0.013611703971947258	0.045698741246117586	0.0005834214459486224	0.03723508783813858	5.171212285585818e-05	0.005999128728642535	0.04431899745174569	0.1214720684133056	0.0385997828550128	0.03294787248343742	0.018013150235039143	0.026292150817610136	0.01884472505658472	0.049348153489756366	0.012538141827131791
65	65.0	Nerciat_Felicia	Nerciat	1770s	M	autodiegetic	0.07616749150357212	0.020045371213896736	0.0055051341520927066	0.14671158622736766	0.029080029241991507	0.05012963110748343	0.024192714634438225	0.006531016855603991	0.07524306611025533	0.013133384714926274	0.010303213676331326	0.0223976754411149	0.02985774256334645	0.01880531579050465	0.05460652678451429	0.030973293327079782	0.026980575109624105	0.0016937895275182227	0.01938927112094659	0.00022813533494376285	0.008919463862604782	0.05086646043820047	0.06630712203865	0.023097830955226526	0.02942263926125833	0.038163009936432436	0.017977034185316345	0.024687476954699684	0.058272544747738686	0.020311453182320704
66	66.0	Popeliniere_Daira1	Popeliniere	1760s	M	autodiegetic	0.08912165431917217	0.005653110409741567	0.01575365759236456	0.0031957535322839838	0.007114010397184276	0.04598634219790612	0.015146357282891815	0.021678511082924942	0.02968570133099128	0.0023177959830795185	0.006144728321714956	0.012659380756937084	0.28235901582957684	0.015885206106737874	0.02537436373259106	0.05927770165117437	0.13193941013467975	0.00047923445671353547	0.007112412299745203	0.00011305457017062194	0.014164818188566863	0.0460428946553753	0.007696647131598873	0.01565705468369895	0.06665576737117432	0.02982832616206975	0.0017810104250605048	0.01672737117304065	0.022730539729283027	0.0017181684915502618
67	67.0	Popeliniere_Daira2	Popeliniere	1760s	M	autodiegetic	0.05322716693136862	0.006128489525097564	0.021697936878279287	0.0027406580752302157	0.0037006945770812314	0.0287461866764982	0.020317953169911168	0.021695912285890483	0.02748568965809794	0.0030658540154794435	0.0047295819091734475	0.00791786424381648	0.3327343922818305	0.011401298104179692	0.033327602310996594	0.057656024149025466	0.14941184791216333	0.00030036612683609565	0.004174407772191303	0.0006553960693226048	0.017854715359180803	0.03569649865342678	0.0064366473934766	0.043371229148773234	0.0604057584201381	0.018404409532915868	0.002310393733408235	0.013054910784306735	0.010257156408575857	0.0010929578933282671
68	68.0	Puget_Periphas1	Puget	1760s	M	heterodiegetic	0.048660473718216316	0.05527511749669001	0.2734378575252643	0.003388382113914184	0.008506767288671191	0.041731572467404214	0.04216449276583675	0.039285632101022934	0.01351633578240837	0.0021164624303466628	0.03259278745188325	0.003127860359263843	0.0241827113112956	0.007801525850593003	0.06083622370240273	0.04143567311399287	0.03232717267436564	0.0003908725014711775	0.006941131978847892	0.0001230964134663842	0.03726252674071004	0.04214970713792733	0.015022215090230457	0.009472842971715632	0.07300377610470297	0.03542365192698732	0.004884584063533361	0.034449222818979705	0.009088659753226655	0.0014006643446293015
69	69.0	Puget_Periphas2	Puget	1760s	M	heterodiegetic	0.059712853310259	0.008219126258077334	0.2968665477108819	0.0068752979681288885	0.006797506301076669	0.050964965493791335	0.05456219588210123	0.047221919323847394	0.014546806496956088	0.002613631371706946	0.01705539433180705	0.007030198345814824	0.023881643703567275	0.007045566029788611	0.05282766663435441	0.03905873254667014	0.027759006686253286	0.014402686726021604	0.006156059964060846	4.546554355156009e-05	0.04029205068881437	0.03224746999361045	0.008625638827924937	0.01023498004311432	0.1062178292155377	0.02202904734504672	0.004655496664862611	0.01965884207801762	0.011742704049437487	0.0006526704649174747
70	70.0	Retif_AntiJustine	Retif	1790s	M	autodiegetic	0.027686885661936916	0.01395620254001917	0.002134720594473386	0.02670563942273178	0.013776264628226944	0.011275948179256028	0.015326405754948284	0.00247000688479636	0.05629968852419648	0.016435802191897813	0.003425822814129968	0.014130336908666191	0.00845352596210457	0.008194705999756855	0.02211633373958164	0.005732715366496393	0.02013765472986536	0.4703897459797226	0.01250070924694087	0.0005845419180278829	0.0036815626037485275	0.018765389050286737	0.008549059239968692	0.07448024034931769	0.017505217543940275	0.014621546488546331	0.007085423695714044	0.010099315274873944	0.0915177414010286	0.0019608473047997748
71	71.0	Retif_Paysanne	Retif	1780s	M	epistolary	0.038498470323341964	0.01721776072594674	0.005339710088779438	0.03771062492976292	0.02266500136393284	0.0307484242088	0.01222272336325125	0.003314102793713648	0.11501826093672365	0.016509964143040286	0.028410971330902805	0.09385721998309347	0.012098128009961472	0.00935188439782346	0.05030649104883613	0.04521792857640442	0.0476881845265326	0.0015402416822659006	0.0128019269357901	0.0024950102921270736	0.0167049618951887	0.02480706890713462	0.04617057312345185	0.13789178706163874	0.022227541447543728	0.0349061409974457	0.022091728376785656	0.016258514922151333	0.059112138958569836	0.016816514649059824
72	72.0	Reveroni_Pauliska	Reveroni	1790s	M	autodiegetic	0.05183222066261255	0.024015545457120386	0.00862640594062079	0.03309922663562688	0.019827460905850955	0.035600279026713144	0.017490262199331898	0.021212382141780537	0.01661402862758284	0.02169686844125876	0.030462334211407236	0.02050430989795181	0.05382883148676454	0.04175565952710611	0.04937748665719345	0.031700833000100466	0.04909391857121519	0.001255455223400556	0.010214554381820149	0.000414605075508479	0.016112198388990247	0.05718822972346625	0.022743745670724003	0.02375292331478046	0.22391483296705736	0.013812116885717457	0.02349312331602786	0.019267007674729775	0.05920934604418447	0.0018838079433555449
73	73.0	Riccoboni_MylordRivers	Riccoboni	1770s	F	epistolary	0.09411405268021854	0.01682226854932376	0.007412437705816989	0.004861914209547774	0.006234019484589196	0.1182953761643724	0.007916501565218764	0.008725703678569325	0.05649521886691612	0.004074582879052813	0.0283518631892867	0.06004990367584862	0.008535421802642587	0.005867840789705045	0.08178799933706249	0.015154654534684496	0.027247709671146817	0.0004145983439756578	0.0070984893876512856	9.575071416478521e-05	0.007629470348818189	0.10133358290190103	0.20353438309247696	0.020181372256619482	0.011631576450807458	0.03224168691946105	0.012578136833319778	0.01899816096976961	0.014068643593024588	0.018246679404007683
74	74.0	Rosny_Firmin	Rosny	1790s	M	autodiegetic	0.09812520035684802	0.06948407918381654	0.006522989255726475	0.02073286118377201	0.01958244205532509	0.05628111287030957	0.011881138931614216	0.012214771098759965	0.0257329058790205	0.007371871455834102	0.037746461654846936	0.01786489349235439	0.033146024650723103	0.0125057714309604	0.11588623716347407	0.06476968201611301	0.029489531303891005	0.0015167158720422488	0.007583324641549562	4.944962109393628e-05	0.010111162179740776	0.11130534085566626	0.046303554427883614	0.01876917447459766	0.032195094701574244	0.016232852306445802	0.052197694876187736	0.03046040345962233	0.02440400525091055	0.009533253349295948
75	75.0	Rousseau_Emile1	Rousseau	1780s	M	autodiegetic	0.02727082929176558	0.028591947736503868	0.009058398438388056	0.007926308307159263	0.0077402709728346545	0.02522346436793979	0.00800068145677562	0.02522709237298516	0.0564865855412211	0.033001399023490474	0.07380575422326198	0.006707635418323371	0.007428357671275339	0.009382274679343872	0.028597916490219668	0.013650085666284336	0.018447497164330945	0.0009145180394494283	0.011866591170682495	0.0006118325028566488	0.01311442040618759	0.03086226316317682	0.021564764801439498	0.013578171983204173	0.02973193861850256	0.08401828121101547	0.019523392637427157	0.3562688208871998	0.030379749840988863	0.0010187559157665632
76	76.0	Rousseau_Emile2	Rousseau	1780s	M	autodiegetic	0.031264328004267435	0.02734722051192309	0.012120659067566264	0.005273365067141042	0.013007078551137618	0.06408632130567345	0.011970724488828985	0.010358845882609128	0.0624671921087692	0.009900398473791842	0.08996507789237991	0.009350148882355686	0.017808260163979725	0.008117753242199563	0.035210829713753125	0.019747386300011414	0.02705471603400148	0.0005446395021107518	0.007363927927377039	0.0006485553791870551	0.04719657612544117	0.043584370800259314	0.06360269595168051	0.028251491797398887	0.01702275285998665	0.14560927737209914	0.016778282516650908	0.1502152002820322	0.022738312104665183	0.0013936116907223065
77	77.0	Rousseau_Julie	Rousseau	1770s	M	epistolary	0.04021046388096208	0.0289481687171521	0.007466114196918032	0.008340468689685581	0.008294511476504823	0.10542931597815117	0.01978322724727996	0.019449890472281302	0.0675596989920768	0.008744853099128655	0.023292852136102268	0.04350812862722825	0.010490778310403842	0.009150455802606152	0.04074753239579421	0.02566039638890432	0.046376620680502106	0.0006412386981769365	0.009685953845021123	0.00015313567268098125	0.016946983582090666	0.063287139133033	0.04189511259796989	0.024309311616233502	0.0203649536121794	0.2013640139225643	0.014904120590690694	0.06429664714269304	0.02655163549232367	0.002146277002661189
78	78.0	Sacy_Amours	Sacy	1760s	M	heterodiegetic	0.056447541459210215	0.006603718060025354	0.01572853048889865	0.004455799706665938	0.02401048330814216	0.049350087033207285	0.4619838614957853	0.0174011887365253	0.00922698154526451	0.0020025020408438775	0.007880258213008721	0.003995849188011557	0.00788734929595723	0.004169169439878396	0.02030247313067989	0.019420050519428786	0.0823938905737154	0.006481167399319232	0.0039195343517729134	4.367955658451667e-05	0.006477538851033834	0.03946037745299436	0.006385443504420564	0.0211496803213607	0.09405495578633538	0.011652038892779605	0.004167274109404588	0.0035865268198218545	0.008305698609699746	0.001056350109224183
79	79.0	Sade_120	Sade	1700s	M	heterodiegetic	0.02520396528599654	0.015800358406539178	0.003230032973644797	0.020920506688068014	0.18115584298464202	0.013439599171366523	0.009108849986973332	0.0071497345108511145	0.058756905070999475	0.02651520478343385	0.019467735330469367	0.007642393884641605	0.009235296341436914	0.008646835499079422	0.027467281869507237	0.016488088522400843	0.019653466941276853	0.30891478799721944	0.014676232507716838	0.000184704873587248	0.0056971237320679905	0.019995232783296797	0.02286021527848009	0.023732921539899383	0.028874220843235533	0.014246478387297937	0.0062232147549615095	0.018833079413727583	0.062253458330499785	0.003626231306682999
80	80.0	Sade_Aline	Sade	1790s	M	epistolary	0.035897482423045884	0.03274120139210108	0.014742247643281654	0.008149154590036307	0.14002237660420394	0.0559706357681864	0.009068022757067577	0.019076425778545455	0.07155833706149503	0.013517744503113214	0.07131565947622892	0.027041503402640374	0.050471465586700064	0.011154917264561515	0.06932268269209557	0.04941025341884793	0.05116171555261895	0.00079572792591963	0.011727579237747195	0.0014780400149037654	0.018892982358685702	0.04158072720510701	0.02143578293369184	0.029960206231203386	0.036516004264443166	0.026883823878958855	0.0066026461609715705	0.01992752201019356	0.048040485618983456	0.005536646244421109
81	81.0	Sade_Infortunes	Sade	1780s	M	heterodiegetic	0.03106519942748567	0.04260973650335117	0.0028108118376522643	0.005405918794946187	0.1988021616775837	0.025371579604124332	0.008709304540093103	0.013187209361766405	0.0491122533328619	0.016215150849871015	0.046394254423824575	0.0156448803379362	0.038291804694931	0.013055590747346177	0.0757085581507998	0.0909855494727547	0.04397054874664809	0.0007980563641119861	0.013056945297070634	0.0002576123695731724	0.015558910922471218	0.045022566097374435	0.014045039604302305	0.024973285703898708	0.03658510383723986	0.01838106756222602	0.004391198486183449	0.018653194893257813	0.08221935616999139	0.008717150188322663
82	82.0	Sade_Justine	Sade	1790s	M	heterodiegetic	0.029349171779417024	0.029207953649824123	0.0028082554487584162	0.0070975287992340345	0.2304246632934606	0.02712637293070349	0.012578534955382848	0.012640197652416222	0.04453318520222522	0.0150782947367404	0.07077329459239155	0.01250552793499827	0.0265823322447565	0.00916523110097931	0.057546493050788	0.07738044741468585	0.04116097260990576	0.028509381422043838	0.007606514843397027	0.0001859871784342051	0.01723033449031669	0.033246265555699865	0.018627317751130443	0.015457954447168869	0.06252490742081508	0.019192509343550712	0.0021754024675064167	0.019229115124241303	0.060692507018579485	0.009363345540448346
83	83.0	Sade_Philosophie	Sade	1790s	M	dialogue novel	0.018446328610580327	0.012090449605928323	0.0115293209631252	0.006329441283493349	0.2139831399612974	0.03955273277683193	0.010392494538294102	0.005204437526587502	0.07364872517232472	0.006718794936765361	0.18095315417310207	0.00857610124451692	0.007821101424361347	0.006770729590342114	0.03459489170209225	0.028513928429190726	0.019552159954449318	0.10100915402905863	0.014956465723505322	0.00021263476797566354	0.035057701672039344	0.018265756602278544	0.016847998223396526	0.0307651852034448	0.02058006400414151	0.02465067769891803	0.006458063262384403	0.02982496009205785	0.01142391087354696	0.00526949595396964
84	84.0	Segur_Correspondance	Segur	1780s	F	epistolary	0.03161760357474635	0.021907556966350748	0.0074118599759990704	0.017651334903186034	0.007098897390301867	0.03673291927366478	0.01187492631481686	0.006083968077423695	0.10491285676938664	0.01917868636038567	0.0052132285001148726	0.08380725466708985	0.011399014079895254	0.012911272694417228	0.031846271901361974	0.011353029895117907	0.01910019000350533	0.0008822739891373273	0.3240403271352551	0.00015998020455162019	0.00827487939330875	0.0374625735016017	0.04756093869706374	0.020790940924958982	0.00969261898381996	0.029365007325513174	0.01738778454380891	0.019848229777125904	0.03501837702621862	0.009415197149872136
85	85.0	Senac_Emigre	Senac	1790s	M	epistolary	0.055358952125657314	0.048178165491685	0.04236079314472865	0.007071662888610862	0.010975951967759088	0.04904552297729831	0.01032255495758144	0.00537177327753481	0.04571520464814087	0.01106639927922346	0.03552566374377816	0.11442416777858573	0.02091371765434312	0.027253831598792924	0.04861775175061157	0.024773910149476712	0.03205156188073362	0.0008333704850097299	0.01887945258546313	0.0002720501144518448	0.010112839991217945	0.09173385992011264	0.07883510420696567	0.027330824151262697	0.030653539310175795	0.02639596006692264	0.03675866564266207	0.02743128880241678	0.036730838472025566	0.02500462093677196
86	86.0	Souza_Adele	Souza	1720s	F	epistolary	0.06645916665036335	0.01334944503841365	0.0011392748857300395	0.004842026184023446	0.00823680387461238	0.03680717496191309	0.00894598122335911	0.025284371098683086	0.11235810528526027	0.006782469717959434	0.00555142689470516	0.05183002868691913	0.013107840749499396	0.035373037556288615	0.03697855804139631	0.010079715702122544	0.06289242148971252	0.0003359352481050665	0.017237645672095063	0.0001571680167041169	0.005315797552346849	0.14482805335147844	0.07109577050923772	0.04777416438206095	0.012359694094070093	0.018091749070467063	0.0071855623702740965	0.017835142786802698	0.15627166886976487	0.0014938000356314663
87	87.0	Tiphaigne_Galligenes1	Tiphaigne	1760s	M	heterodiegetic	0.05343214378761733	0.03856665773593773	0.008845439967307477	0.008797768008444073	0.017498205081114274	0.05426152152371701	0.012038750852191605	0.12415381825148315	0.05969554490909435	0.009596319946792869	0.15915575658439748	0.008007879405313235	0.019414432034636008	0.009391328503350095	0.029812265324285325	0.01190088604293102	0.03004135111571085	0.00016659412215215124	0.005953656636748072	4.8842564836565863e-05	0.024646153864140083	0.06470048157877856	0.035194265951422984	0.034487229096050905	0.026661841375100543	0.03473393319740159	0.029487675485971008	0.07349149292699507	0.0143547134423797	0.0014630506836989445
88	88.0	Tiphaigne_Galligenes2	Tiphaigne	1760s	M	heterodiegetic	0.0746707216039112	0.02491726712217989	0.1213461290150409	0.0067648756495532715	0.0055779291565117685	0.06424274339573317	0.016440592739169688	0.04794739997939256	0.030167699970366425	0.019251581100093076	0.1544786266875575	0.006980746538065565	0.027254632716075144	0.01293440467995779	0.05207971718388102	0.035472109009880085	0.020363550781519538	0.0008891641482399039	0.0049360659171346	4.9260757851806374e-05	0.007535951002083065	0.046405178555935546	0.03016309699788309	0.013355761350889329	0.05838669350228876	0.0335174262029972	0.01642786878401361	0.0466259545601878	0.017604460620754492	0.0032123902708523317
89	89.0	Voltaire_Candide	Voltaire	1790s	M	heterodiegetic	0.01238973852725498	0.03960241694708479	0.035267790376150784	0.020853036432627262	0.010486990393392577	0.011811728175894487	0.010525355744327437	0.03135498983439039	0.09239999421540912	0.19484505570361504	0.030072874079463213	0.010029554468473548	0.12790805356270582	0.02361179849368805	0.01993412228725191	0.018055246894309037	0.037608097566252524	0.0041694662397061925	0.05116532638237613	0.00013445220848473964	0.012626173898639296	0.013969373248127534	0.020612197144522486	0.030196772676673676	0.02760023921051051	0.02064835772989485	0.030155839261375182	0.01615510836938619	0.033439846771541513	0.01237000315647083
90	90.0	Voltaire_Homme	Voltaire	1760s	M	homodiegetic	0.01139449347017034	0.23635489660292416	0.04836678214897841	0.01355141017667312	0.012186175240962587	0.012121348082143978	0.004588877781044085	0.04018504889214795	0.08048895161985872	0.1053238235232816	0.061460860836646675	0.009054766595906531	0.01687192659938042	0.006414051547423742	0.02042913778932444	0.02278789339827235	0.01153822062673815	0.010932315545601564	0.051385068741214485	0.0022532232063531108	0.029129417544946	0.01409264690427956	0.020772090974451617	0.027091683674910626	0.016644625123590998	0.024935958827847708	0.0484750546345763	0.026383588631724013	0.01308417952246775	0.0017014817361590078
91	91.0	Voltaire_Princesse	Voltaire	1760s	M	heterodiegetic	0.017231449079676348	0.017224400064103043	0.19795565975266	0.029481274895416864	0.008119675032968364	0.02427775939694358	0.038439251803774714	0.054029604024630966	0.061231206473666575	0.056070796966568366	0.033853697560061374	0.019307254541485592	0.07955497038893362	0.03264048915489627	0.018758829718750144	0.019463469561026552	0.0300463676951084	0.0005696928130911146	0.03547086299355584	0.00043744575674909265	0.015133964271007657	0.02683800087263336	0.029809876132612174	0.035584799421414265	0.022402892242224685	0.019212295355328302	0.025233825333442296	0.010383270170151662	0.038936431925511744	0.0023004866016070684
92		Percentage					0.782608695652174	0.29347826086956524	0.17391304347826086	0.18478260869565216	0.07608695652173914	0.7717391304347826	0.2826086956521739	0.2826086956521739	0.8152173913043478	0.15217391304347827	0.29347826086956524	0.32608695652173914	0.2608695652173913	0.10869565217391304	0.6956521739130435	0.41304347826086957	0.6521739130434783	0.06521739130434782	0.18478260869565216	0.021739130434782608	0.10869565217391304	0.7934782608695652	0.6086956521739131	0.4673913043478261	0.5217391304347826	0.3695652173913043	0.1956521739130435	0.30434782608695654	0.6304347826086957	0.043478260869565216
